"initials","es_ID","study_ID","species_ID","population_ID","family_ID","shared_trt_ID","cohort_ID","note_ID","data_source","data_url","fig_file_name","data_type","data_file_name","peer.reviewed","ref","title","pub_year","journal","thesis_chapter","doi","citation","phylum","class","order","family","genus","species","genus_species","age_maturity","ref_age_maturity","habitat","taxonomic_group","reproduction_mode","life_stage_manip","life_stage_tested","brought_common_temp","mobility_life_stage_manip","time_common_temp","common_temp","exp_design","origin_hatching","latitude","longitude","elevation","season","year","body_length","body_mass","age_tested","sex","housing_temp","incubation_independent","metric","endpoint","acc_temp_low","acc_temp_high","acc_temp_var","is_acc_temp_fluctuating","acc_duration","ramping","set_time","n_test_temp","n_replicates_per_temp","n_animals_per_replicate","humidity","oxygen","salinity","pH","photoperiod","gravidity","starved","minor_concerns","major_concerns","notes_moderators","mean_HT_low","sd_HT_low","n_HT_low","mean_HT_high","sd_HT_high","n_HT_high","error_type","notes_es","exclude","n_trt","n_cohort","within_study_mean_low","within_study_mean_high","within_study_sd_low","within_study_sd_high","between_study_mean_low","between_study_mean_high","between_study_sd_low","between_study_sd_high","imputed","imputed_sd_low","imputed_sd_high","dARR","Var_dARR","precision","is_concern","search_string","unique_name","ott_id","phylogeny"
"PP",410,3,3,83,88,223,325,"Treatments re-used in stepwise comparisons. The same individuals were used for measuring heat movement threshold and heat coma temperature, hence the shared cohort_IDs. Nine different clones were used in this experiment, which were considered different populations because they were collected in different sites, or were different genetic types (see table 2).","dataset",NA,"Alford_2010.xlsx","obtained",NA,"not-peer-reviewed","Alford_2010","The thermal macrophysiology of core and marginal
populations of the aphid Myzus persicae in Europe",2010,"Thesis",5,NA,"Alford, Lucy. ""The thermal macrophysiology of core and marginal populations of the aphid Myzus persicae in Europe."" PhD diss., University of Birmingham, 2010.","Arthropoda","Insecta","Hemiptera","Aphididae","Myzus","persicae","Myzus persicae",0.053524983,"Abdel-Salam_et_al_2009","terrestrial","terrestrial invertebrate","viviparous","embryo_and_juvenile","juvenile","no","mobile",NA,NA,"C","lab",NA,NA,NA,NA,NA,NA,NA,1,"unknown",20,"no","CTmax","other",20,25,0.5,"constant",NA,0.1,NA,NA,NA,NA,NA,NA,NA,NA,16,NA,NA,"Treatments were acclimated for different durations",NA,"Data for the Span-3 clones. Exposure through mother conditions (viviparous) for one generation. Geographical coordinates were not taken because too approximate. 20C was the housing temperature for multiple generations, hence why incubation_independent was taken as ""no"". Endpoint was the ""heat coma temperature"". Because the CTmax of all animals was above 35C, the latest ramping rate was taken.",42.52333,0.770438,30,42.58333,0.5024652,30,"sd","Data calculated from the raw data (obtained from the author).","no",2,4,40.7843788888889,41.2018608333333,0.627516530555556,0.534140486111111,34.7305550080109,35.5255067975217,0.780377538847258,0.739974322059287,"no",0.770438,0.5024652,0.011999999999999,0.000305951803531627,57.1706975544038,"no","myzus persicae","Myzus_persicae",785522,"Myzus_persicae"
"PP",423,3,3,87,92,230,329,"Treatments re-used in stepwise comparisons. The same individuals were used for measuring heat movement threshold and heat coma temperature, hence the shared cohort_IDs. Nine different clones were used in this experiment, which were considered different populations because they were collected in different sites, or were different genetic types (see table 2).","dataset",NA,"Alford_2010.xlsx","obtained",NA,"not-peer-reviewed","Alford_2010","The thermal macrophysiology of core and marginal
populations of the aphid Myzus persicae in Europe",2010,"Thesis",5,NA,"Alford, Lucy. ""The thermal macrophysiology of core and marginal populations of the aphid Myzus persicae in Europe."" PhD diss., University of Birmingham, 2010.","Arthropoda","Insecta","Hemiptera","Aphididae","Myzus","persicae","Myzus persicae",0.053524983,"Abdel-Salam_et_al_2009","terrestrial","terrestrial invertebrate","viviparous","embryo_and_juvenile","juvenile","no","mobile",NA,NA,"C","lab",NA,NA,NA,NA,NA,NA,NA,1,"unknown",20,"no","CTmax","other",10,20,0.5,"constant",NA,0.1,NA,NA,NA,NA,NA,NA,NA,NA,16,NA,NA,"Treatments were acclimated for different durations",NA,"Data for the Swed-1 clones. Exposure through mother conditions (viviparous) for one generation. Geographical coordinates were not taken because too approximate. 20C was the housing temperature for multiple generations, hence why incubation_independent was taken as ""no"". Endpoint was the ""heat movement threshold, the temperature at which movement ceased"". Ramping was taken as 0.1C/min although experimenters first used a ramping rate of 0.5C/min until reaching 35C. Because the CTmax of all animals was above 35C, the latest ramping rate was taken.",39.63333,0.4404804,30,40.11333,0.5618524,30,"sd","Data calculated from the raw data (obtained from the author).","no",2,4,40.7843788888889,41.2018608333333,0.627516530555556,0.534140486111111,34.7305550080109,35.5255067975217,0.780377538847258,0.739974322059287,"no",0.4404804,0.5618524,0.0479999999999997,4.37026887128267e-05,151.267601784271,"no","myzus persicae","Myzus_persicae",785522,"Myzus_persicae"
"PP",431,3,3,89,94,234,331,"Treatments re-used in stepwise comparisons. The same individuals were used for measuring heat movement threshold and heat coma temperature, hence the shared cohort_IDs. Nine different clones were used in this experiment, which were considered different populations because they were collected in different sites, or were different genetic types (see table 2).","dataset",NA,"Alford_2010.xlsx","obtained",NA,"not-peer-reviewed","Alford_2010","The thermal macrophysiology of core and marginal
populations of the aphid Myzus persicae in Europe",2010,"Thesis",5,NA,"Alford, Lucy. ""The thermal macrophysiology of core and marginal populations of the aphid Myzus persicae in Europe."" PhD diss., University of Birmingham, 2010.","Arthropoda","Insecta","Hemiptera","Aphididae","Myzus","persicae","Myzus persicae",0.053524983,"Abdel-Salam_et_al_2009","terrestrial","terrestrial invertebrate","viviparous","embryo_and_juvenile","juvenile","no","mobile",NA,NA,"C","lab",NA,NA,NA,NA,NA,NA,NA,1,"unknown",20,"no","CTmax","other",10,20,0.5,"constant",NA,0.1,NA,NA,NA,NA,NA,NA,NA,NA,16,NA,NA,"Treatments were acclimated for different durations",NA,"Data for the Swed-3 clones. Exposure through mother conditions (viviparous) for one generation. Geographical coordinates were not taken because too approximate. 20C was the housing temperature for multiple generations, hence why incubation_independent was taken as ""no"". Endpoint was the ""heat movement threshold, the temperature at which movement ceased"". Ramping was taken as 0.1C/min although experimenters first used a ramping rate of 0.5C/min until reaching 35C. Because the CTmax of all animals was above 35C, the latest ramping rate was taken.",38.94,1.6531266,30,39.56333,0.53465,30,"sd","Data calculated from the raw data (obtained from the author).","no",2,4,40.7843788888889,41.2018608333333,0.627516530555556,0.534140486111111,34.7305550080109,35.5255067975217,0.780377538847258,0.739974322059287,"no",1.6531266,0.53465,0.0623330000000003,0.000355805673572927,53.0143652059849,"no","myzus persicae","Myzus_persicae",785522,"Myzus_persicae"
"PP",434,3,3,89,94,235,331,"Treatments re-used in stepwise comparisons. The same individuals were used for measuring heat movement threshold and heat coma temperature, hence the shared cohort_IDs. Nine different clones were used in this experiment, which were considered different populations because they were collected in different sites, or were different genetic types (see table 2).","dataset",NA,"Alford_2010.xlsx","obtained",NA,"not-peer-reviewed","Alford_2010","The thermal macrophysiology of core and marginal
populations of the aphid Myzus persicae in Europe",2010,"Thesis",5,NA,"Alford, Lucy. ""The thermal macrophysiology of core and marginal populations of the aphid Myzus persicae in Europe."" PhD diss., University of Birmingham, 2010.","Arthropoda","Insecta","Hemiptera","Aphididae","Myzus","persicae","Myzus persicae",0.053524983,"Abdel-Salam_et_al_2009","terrestrial","terrestrial invertebrate","viviparous","embryo_and_juvenile","juvenile","no","mobile",NA,NA,"C","lab",NA,NA,NA,NA,NA,NA,NA,1,"unknown",20,"no","CTmax","other",20,25,0.5,"constant",NA,0.1,NA,NA,NA,NA,NA,NA,NA,NA,16,NA,NA,"Treatments were acclimated for different durations",NA,"Data for the Swed-3 clones. Exposure through mother conditions (viviparous) for one generation. Geographical coordinates were not taken because too approximate. 20C was the housing temperature for multiple generations, hence why incubation_independent was taken as ""no"". Endpoint was the ""heat coma temperature"". Because the CTmax of all animals was above 35C, the latest ramping rate was taken.",41.29,0.6880006,30,41.83,0.3544301,30,"sd","Data calculated from the raw data (obtained from the author).","no",2,4,40.7843788888889,41.2018608333333,0.627516530555556,0.534140486111111,34.7305550080109,35.5255067975217,0.780377538847258,0.739974322059287,"no",0.6880006,0.3544301,0.108,0.00023674493328554,64.991962839151,"no","myzus persicae","Myzus_persicae",785522,"Myzus_persicae"
"PP",424,3,3,87,92,230,329,"Treatments re-used in stepwise comparisons. The same individuals were used for measuring heat movement threshold and heat coma temperature, hence the shared cohort_IDs. Nine different clones were used in this experiment, which were considered different populations because they were collected in different sites, or were different genetic types (see table 2).","dataset",NA,"Alford_2010.xlsx","obtained",NA,"not-peer-reviewed","Alford_2010","The thermal macrophysiology of core and marginal
populations of the aphid Myzus persicae in Europe",2010,"Thesis",5,NA,"Alford, Lucy. ""The thermal macrophysiology of core and marginal populations of the aphid Myzus persicae in Europe."" PhD diss., University of Birmingham, 2010.","Arthropoda","Insecta","Hemiptera","Aphididae","Myzus","persicae","Myzus persicae",0.053524983,"Abdel-Salam_et_al_2009","terrestrial","terrestrial invertebrate","viviparous","embryo_and_juvenile","juvenile","no","mobile",NA,NA,"C","lab",NA,NA,NA,NA,NA,NA,NA,1,"unknown",20,"no","CTmax","other",20,25,0.5,"constant",NA,0.1,NA,NA,NA,NA,NA,NA,NA,NA,16,NA,NA,"Treatments were acclimated for different durations",NA,"Data for the Swed-1 clones. Exposure through mother conditions (viviparous) for one generation. Geographical coordinates were not taken because too approximate. 20C was the housing temperature for multiple generations, hence why incubation_independent was taken as ""no"". Endpoint was the ""heat movement threshold, the temperature at which movement ceased"". Because the CTmax of all animals was above 35C, the latest ramping rate was taken.",40.11333,0.5618524,30,41.05667,0.4782752,30,"sd","Data calculated from the raw data (obtained from the author).","no",2,4,40.7843788888889,41.2018608333333,0.627516530555556,0.534140486111111,34.7305550080109,35.5255067975217,0.780377538847258,0.739974322059287,"no",0.5618524,0.4782752,0.188668,0.00018380347822688,73.7603786017789,"no","myzus persicae","Myzus_persicae",785522,"Myzus_persicae"
"PP",19,6,6,6,6,12,15,NA,"dataset","http://dx.doi.org/10.17632/kvj8k99y3f.1",NA,"published",NA,"peer-reviewed","Bai_et_al_2019","Independent and combined effects of daytime heat stress
and night-time recovery determine thermal performance",2019,"Biology Open",NA,"10.1242/bio.038141","Bai, Chun-Ming, Gang Ma, Wan-Zhi Cai, and Chun-Sen Ma. ""Independent and combined effects of daytime heat stress and night-time recovery determine thermal performance."" Biology open 8, no. 3 (2019).","Arthropoda","Insecta","Coleoptera","Coccinellidae","Propylea","japonica","Propylea japonica",0.03340178,"Lee_et_al_2017","terrestrial","terrestrial invertebrate","oviparous","embryo","juvenile","no","immobile",NA,NA,"C","lab",39.51,116.61,7,"fall",2013,NA,NA,0,"unknown",22,"yes","CTmax","other",26,28,NA,"fluctuating",2.5,0.1,NA,NA,NA,NA,65,NA,NA,NA,16,NA,NA,NA,NA,"Endpoint was loss of locomotion and ""started to twitch"". Heating rate was changed between 25 to 31C (i.e. 0.25C/min) and 31C to 42C (i.e. 0.1C/min). We took 0.1C/min as the ramping rate because all animals reached CTmax at temperatures higher than 31C.  Acclimation treatments were variable (e.g. 28C during the day, 15C during the night) but comparable between treatments. Here, we compared the treatments 28-22 and 35-22. Mean humidity was taken.",40.63368,0.4454612,19,40.70163,0.3221722,43,"sd","Data extracted from the raw data","no",1,1,40.5587875,40.36295,0.44264635,0.2994621,34.7305550080109,35.5255067975217,0.780377538847258,0.739974322059287,"no",0.4454612,0.3221722,0.0339750000000016,0.0032144546734816,17.6378785115802,"no","propylea japonica","Propylea_japonica",790672,"Propylea_japonica"
"PP",21,6,6,6,6,14,17,NA,"dataset","http://dx.doi.org/10.17632/kvj8k99y3f.1",NA,"published",NA,"peer-reviewed","Bai_et_al_2019","Independent and combined effects of daytime heat stress
and night-time recovery determine thermal performance",2019,"Biology Open",NA,"10.1242/bio.038141","Bai, Chun-Ming, Gang Ma, Wan-Zhi Cai, and Chun-Sen Ma. ""Independent and combined effects of daytime heat stress and night-time recovery determine thermal performance."" Biology open 8, no. 3 (2019).","Arthropoda","Insecta","Coleoptera","Coccinellidae","Propylea","japonica","Propylea japonica",0.03340178,"Lee_et_al_2017","terrestrial","terrestrial invertebrate","oviparous","embryo","juvenile","no","immobile",NA,NA,"C","lab",39.51,116.61,7,"fall",2013,NA,NA,0,"unknown",22,"yes","CTmax","other",26,28,NA,"fluctuating",3,0.1,NA,NA,NA,NA,65,NA,NA,NA,16,NA,NA,NA,NA,"Endpoint was loss of locomotion and ""started to twitch"". Heating rate was changed between 25 to 31C (i.e. 0.25C/min) and 31C to 42C (i.e. 0.1C/min). We took 0.1C/min as the ramping rate because all animals reached CTmax at temperatures higher than 31C.  Acclimation treatments were variable (e.g. 28C during the day, 15C during the night) but comparable between treatments. Here, we compared the treatments 28-22 and 35-22. Mean humidity was taken.",40.46154,0.3590732,26,39.80429,0.3047872,7,"sd","Data extracted from the raw data","no",1,1,40.5587875,40.36295,0.44264635,0.2994621,34.7305550080109,35.5255067975217,0.780377538847258,0.739974322059287,"no",0.3590732,0.3047872,-0.328624999999999,0.00455743284352681,14.8128921594976,"no","propylea japonica","Propylea_japonica",790672,"Propylea_japonica"
"PP",18,6,6,6,6,11,14,NA,"dataset","http://dx.doi.org/10.17632/kvj8k99y3f.1",NA,"published",NA,"peer-reviewed","Bai_et_al_2019","Independent and combined effects of daytime heat stress
and night-time recovery determine thermal performance",2019,"Biology Open",NA,"10.1242/bio.038141","Bai, Chun-Ming, Gang Ma, Wan-Zhi Cai, and Chun-Sen Ma. ""Independent and combined effects of daytime heat stress and night-time recovery determine thermal performance."" Biology open 8, no. 3 (2019).","Arthropoda","Insecta","Coleoptera","Coccinellidae","Propylea","japonica","Propylea japonica",0.03340178,"Lee_et_al_2017","terrestrial","terrestrial invertebrate","oviparous","embryo","juvenile","no","immobile",NA,NA,"C","lab",39.51,116.61,7,"fall",2013,NA,NA,0,"unknown",22,"yes","CTmax","other",24,26,NA,"fluctuating",2.5,0.1,NA,NA,NA,NA,65,NA,NA,NA,16,NA,NA,NA,NA,"Endpoint was loss of locomotion and ""started to twitch"". Heating rate was changed between 25 to 31C (i.e. 0.25C/min) and 31C to 42C (i.e. 0.1C/min). We took 0.1C/min as the ramping rate because all animals reached CTmax at temperatures higher than 31C.  Acclimation treatments were variable (e.g. 28C during the day, 15C during the night) but comparable between treatments. Here, we compared the treatments 28-15 and 35-15. Mean humidity was taken.",40.65455,0.4997272,11,40.79588,0.3194929,17,"sd","Data extracted from the raw data","no",1,1,40.5587875,40.36295,0.44264635,0.2994621,34.7305550080109,35.5255067975217,0.780377538847258,0.739974322059287,"no",0.4997272,0.3194929,0.0706649999999982,0.00717673330186068,11.8042010071726,"no","propylea japonica","Propylea_japonica",790672,"Propylea_japonica"
"PP",20,6,6,6,6,13,16,NA,"dataset","http://dx.doi.org/10.17632/kvj8k99y3f.1",NA,"published",NA,"peer-reviewed","Bai_et_al_2019","Independent and combined effects of daytime heat stress
and night-time recovery determine thermal performance",2019,"Biology Open",NA,"10.1242/bio.038141","Bai, Chun-Ming, Gang Ma, Wan-Zhi Cai, and Chun-Sen Ma. ""Independent and combined effects of daytime heat stress and night-time recovery determine thermal performance."" Biology open 8, no. 3 (2019).","Arthropoda","Insecta","Coleoptera","Coccinellidae","Propylea","japonica","Propylea japonica",0.03340178,"Lee_et_al_2017","terrestrial","terrestrial invertebrate","oviparous","embryo","juvenile","no","immobile",NA,NA,"C","lab",39.51,116.61,7,"fall",2013,NA,NA,0,"unknown",22,"yes","CTmax","other",24,26,NA,"fluctuating",3,0.1,NA,NA,NA,NA,65,NA,NA,NA,16,NA,NA,NA,NA,"Endpoint was loss of locomotion and ""started to twitch"". Heating rate was changed between 25 to 31C (i.e. 0.25C/min) and 31C to 42C (i.e. 0.1C/min). We took 0.1C/min as the ramping rate because all animals reached CTmax at temperatures higher than 31C.  Acclimation treatments were variable (e.g. 28C during the day, 15C during the night) but comparable between treatments. Here, we compared the treatments 28-15 and 35-15. Mean humidity was taken.",40.48538,0.4663238,26,40.15,0.2513961,8,"sd","Data extracted from the raw data","no",1,1,40.5587875,40.36295,0.44264635,0.2994621,34.7305550080109,35.5255067975217,0.780377538847258,0.739974322059287,"no",0.4663238,0.2513961,-0.16769,0.00406594118755647,15.68265013204,"no","propylea japonica","Propylea_japonica",790672,"Propylea_japonica"
"SB/PP",959,15,4,212,227,540,837,"Treatments re-used in stepwise comparisons.","Tab1",NA,NA,"published",NA,"peer-reviewed","Chaterjee_et_al_2004","Thermal tolerance and oxygen consumption of Labeo rohita and Cyprinus carpio early fingerlings acclimated to three different temperatures",2004,"Journal of Thermal Biology",NA,"10.1016/j.jtherbio.2004.05.001","Chatterjee, N., A. K. Pal, S. M. Manush, T. Das, and S. C. Mukherjee. ""Thermal tolerance and oxygen consumption of Labeo rohita and Cyprinus carpio early fingerlings acclimated to three different temperatures."" Journal of Thermal Biology 29, no. 6 (2004): 265-270.","Chordata","Actinopterygii","Cypriniformes","Cyprinidae","Labeo","rohita","Labeo rohita",2.81724846,"Age","aquatic","fish","oviparous","juvenile","juvenile","no","mobile",NA,NA,"A","farm",NA,NA,NA,NA,NA,NA,0.7,NA,"unknown",30,"no","CTmax","death",25,30,0.2,"constant",30,0.3,NA,NA,NA,NA,NA,5.5,NA,NA,NA,NA,"fed","Treatments were acclimated for different durations. Body mass before acclimation.",NA,"Animals acclimated to 30C were acclimated for longer because it was the housing_temp. The body mass was the body mass before the 30 day acclimation period.",40.4,0.122474487,6,41.9,0.220454077,6,"sd","Data taken from table. SE was converted to SD.","no",4,1,40.6375,41.9625,0.23576338775,0.186773592875,34.7305550080109,35.5255067975217,0.780377538847258,0.739974322059287,"no",0.122474487,0.220454077,0.3,0.000424000000212234,48.5642931057087,"no","labeo rohita","Labeo_rohita",160616,"Labeo_rohita"
"SB",956,15,4,212,227,540,834,"Treatments re-used in stepwise comparisons.","Tab1",NA,NA,"published",NA,"peer-reviewed","Chaterjee_et_al_2004","Thermal tolerance and oxygen consumption of Labeo rohita and Cyprinus carpio early fingerlings acclimated to three different temperatures",2004,"Journal of Thermal Biology",NA,"10.1016/j.jtherbio.2004.05.001","Chatterjee, N., A. K. Pal, S. M. Manush, T. Das, and S. C. Mukherjee. ""Thermal tolerance and oxygen consumption of Labeo rohita and Cyprinus carpio early fingerlings acclimated to three different temperatures."" Journal of Thermal Biology 29, no. 6 (2004): 265-270.","Chordata","Actinopterygii","Cypriniformes","Cyprinidae","Labeo","rohita","Labeo rohita",2.81724846,"Age","aquatic","fish","oviparous","juvenile","juvenile","no","mobile",NA,NA,"A","farm",NA,NA,NA,NA,NA,NA,0.7,NA,"unknown",30,"no","CTmax","LOE",30,35,0.2,"constant",30,0.3,NA,NA,NA,NA,NA,5.5,NA,NA,NA,NA,"fed","Treatments were acclimated for different durations. Body mass before acclimation.",NA,"Animals acclimated to 30C were acclimated for longer because it was the housing_temp. The body mass was the body mass before the 30 day acclimation period.",41.6,0.195959179,6,42.2,0.269443872,6,"sd","Data taken from table. SE was converted to SD.","no",4,1,40.6375,41.9625,0.23576338775,0.186773592875,34.7305550080109,35.5255067975217,0.780377538847258,0.739974322059287,"no",0.195959179,0.269443872,0.12,0.000739999999951376,36.7607311058981,"no","labeo rohita","Labeo_rohita",160616,"Labeo_rohita"
"SB/PP",922,20,4,198,213,517,810,"Treatments re-used in stepwise comparisons.","Tab2",NA,NA,"published",NA,"peer-reviewed","Das_et_al_2004","Thermal tolerance and oxygen consumption of Indian Major Carps acclimated to four temperatures",2004,"Journal of Thermal Biology",NA,"10.1016/j.jtherbio.2004.02.001","Das, T., A. K. Pal, S. K. Chakraborty, S. M. Manush, N. P. Sahu, and S. C. Mukherjee. ""Thermal tolerance and oxygen consumption of Indian Major Carps acclimated to four temperatures"" Journal of Thermal Biology 29 (2004): 157-163","Chordata","Actinopterygii","Cypriniformes","Cyprinidae","Labeo","rohita","Labeo rohita",2.81724846,"Age","aquatic","fish","oviparous","juvenile","juvenile","no","mobile",NA,NA,"A","farm",NA,NA,NA,NA,NA,NA,30,NA,"unknown",26,"no","CTmax","death",26,31,NA,"constant",30,0.3,NA,NA,NA,NA,NA,5.5,NA,NA,NA,NA,"fed","Body mass before acclimation. Treatments were acclimated for different durations.",NA,"Body_mass was the body mass before the acclimation period of 30 days.",41.16,0.416413256,6,42.3,0.538887743,6,"sd","Data taken from table. SE was converted to SD.","no",3,1,42.11,42.7033333333333,0.404165807333333,0.262639733333333,34.7305550080109,35.5255067975217,0.780377538847258,0.739974322059287,"no",0.416413256,0.538887743,0.228,0.00309199999552104,17.9837500446655,"no","labeo rohita","Labeo_rohita",160616,"Labeo_rohita"
"SB",914,20,4,198,213,514,802,"Treatments re-used in stepwise comparisons.","Tab2",NA,NA,"published",NA,"peer-reviewed","Das_et_al_2004","Thermal tolerance and oxygen consumption of Indian Major Carps acclimated to four temperatures",2004,"Journal of Thermal Biology",NA,"10.1016/j.jtherbio.2004.02.001","Das, T., A. K. Pal, S. K. Chakraborty, S. M. Manush, N. P. Sahu, and S. C. Mukherjee. ""Thermal tolerance and oxygen consumption of Indian Major Carps acclimated to four temperatures"" Journal of Thermal Biology 29 (2004): 157-163","Chordata","Actinopterygii","Cypriniformes","Cyprinidae","Labeo","rohita","Labeo rohita",2.81724846,"Age","aquatic","fish","oviparous","juvenile","juvenile","no","mobile",NA,NA,"A","farm",NA,NA,NA,NA,NA,NA,30,NA,"unknown",26,"yes","CTmax","LOE",31,33,NA,"constant",30,0.3,NA,NA,NA,NA,NA,5.5,NA,NA,NA,NA,"fed","Body mass before acclimation.",NA,"Body_mass was the body mass before the acclimation period of 30 days.",41.91,0.538887743,6,42.65,0.538887743,6,"sd","Data taken from table. SE was converted to SD.","no",3,1,42.11,42.7033333333333,0.404165807333333,0.262639733333333,34.7305550080109,35.5255067975217,0.780377538847258,0.739974322059287,"no",0.538887743,0.538887743,0.370000000000001,0.0241999999629695,6.42824347025045,"no","labeo rohita","Labeo_rohita",160616,"Labeo_rohita"
"SB/PP",924,20,4,198,213,517,812,"Treatments re-used in stepwise comparisons.","Tab2",NA,NA,"published",NA,"peer-reviewed","Das_et_al_2004","Thermal tolerance and oxygen consumption of Indian Major Carps acclimated to four temperatures",2004,"Journal of Thermal Biology",NA,"10.1016/j.jtherbio.2004.02.001","Das, T., A. K. Pal, S. K. Chakraborty, S. M. Manush, N. P. Sahu, and S. C. Mukherjee. ""Thermal tolerance and oxygen consumption of Indian Major Carps acclimated to four temperatures"" Journal of Thermal Biology 29 (2004): 157-163","Chordata","Actinopterygii","Cypriniformes","Cyprinidae","Labeo","rohita","Labeo rohita",2.81724846,"Age","aquatic","fish","oviparous","juvenile","juvenile","no","mobile",NA,NA,"A","farm",NA,NA,NA,NA,NA,NA,30,NA,"unknown",26,"yes","CTmax","death",33,36,NA,"constant",30,0.3,NA,NA,NA,NA,NA,5.5,NA,NA,NA,NA,"fed","Body mass before acclimation.",NA,"Body_mass was the body mass before the acclimation period of 30 days.",43.06,0.024494897,6,43.31,0.122474487,6,"sd","Data taken from table. SE was converted to SD.","no",3,1,42.11,42.7033333333333,0.404165807333333,0.262639733333333,34.7305550080109,35.5255067975217,0.780377538847258,0.739974322059287,"no",0.024494897,0.122474487,0.0833333333333333,0.000288888887869514,58.8348406452576,"no","labeo rohita","Labeo_rohita",160616,"Labeo_rohita"
"SB",915,20,4,198,213,514,803,"Treatments re-used in stepwise comparisons.","Tab2",NA,NA,"published",NA,"peer-reviewed","Das_et_al_2004","Thermal tolerance and oxygen consumption of Indian Major Carps acclimated to four temperatures",2004,"Journal of Thermal Biology",NA,"10.1016/j.jtherbio.2004.02.001","Das, T., A. K. Pal, S. K. Chakraborty, S. M. Manush, N. P. Sahu, and S. C. Mukherjee. ""Thermal tolerance and oxygen consumption of Indian Major Carps acclimated to four temperatures"" Journal of Thermal Biology 29 (2004): 157-163","Chordata","Actinopterygii","Cypriniformes","Cyprinidae","Labeo","rohita","Labeo rohita",2.81724846,"Age","aquatic","fish","oviparous","juvenile","juvenile","no","mobile",NA,NA,"A","farm",NA,NA,NA,NA,NA,NA,30,NA,"unknown",26,"yes","CTmax","LOE",33,36,NA,"constant",30,0.3,NA,NA,NA,NA,NA,5.5,NA,NA,NA,NA,"fed","Body mass before acclimation.",NA,"Body_mass was the body mass before the acclimation period of 30 days.",42.65,0.538887743,6,42.86,0.122474487,6,"sd","Data taken from table. SE was converted to SD.","no",3,1,42.11,42.7033333333333,0.404165807333333,0.262639733333333,34.7305550080109,35.5255067975217,0.780377538847258,0.739974322059287,"no",0.538887743,0.122474487,0.0700000000000003,0.00565555554669532,13.2972662257541,"no","labeo rohita","Labeo_rohita",160616,"Labeo_rohita"
"SB/PP",923,20,4,198,213,517,811,"Treatments re-used in stepwise comparisons.","Tab2",NA,NA,"published",NA,"peer-reviewed","Das_et_al_2004","Thermal tolerance and oxygen consumption of Indian Major Carps acclimated to four temperatures",2004,"Journal of Thermal Biology",NA,"10.1016/j.jtherbio.2004.02.001","Das, T., A. K. Pal, S. K. Chakraborty, S. M. Manush, N. P. Sahu, and S. C. Mukherjee. ""Thermal tolerance and oxygen consumption of Indian Major Carps acclimated to four temperatures"" Journal of Thermal Biology 29 (2004): 157-163","Chordata","Actinopterygii","Cypriniformes","Cyprinidae","Labeo","rohita","Labeo rohita",2.81724846,"Age","aquatic","fish","oviparous","juvenile","juvenile","no","mobile",NA,NA,"A","farm",NA,NA,NA,NA,NA,NA,30,NA,"unknown",26,"yes","CTmax","death",31,33,NA,"constant",30,0.3,NA,NA,NA,NA,NA,5.5,NA,NA,NA,NA,"fed","Body mass before acclimation.",NA,"Body_mass was the body mass before the acclimation period of 30 days.",42.3,0.538887743,6,43.06,0.024494897,6,"sd","Data taken from table. SE was converted to SD.","no",3,1,42.11,42.7033333333333,0.404165807333333,0.262639733333333,34.7305550080109,35.5255067975217,0.780377538847258,0.739974322059287,"no",0.538887743,0.024494897,0.380000000000003,0.0121249999806114,9.08153219099094,"no","labeo rohita","Labeo_rohita",160616,"Labeo_rohita"
"SB",904,21,4,195,210,511,792,"Treatments re-used in stepwise comparisons.","Tab2",NA,NA,"published",NA,"peer-reviewed","Das_et_al_2005","Thermal tolerance, growth and oxygen consumption of Labeo rohita fry (Hamilton, 1822) acclimated to four temperatures",2005,"Journal of Thermal Biology",NA,"10.1016/j.jtherbio.2005.03.001","Das, T., A. K. Pal, S. K. Chakraborty, S. M. Manush, N. P. Sahu, and S. C. Mukherjee. ""Thermal tolerance, growth and oxygen consumption of Labeo rohita fry (Hamilton, 1822) acclimated to four temperatures."" Journal of Thermal Biology 30, no. 5 (2005): 378-383.","Chordata","Actinopterygii","Cypriniformes","Cyprinidae","Labeo","rohita","Labeo rohita",2.81724846,"Age","aquatic","fish","oviparous","juvenile","juvenile","no","mobile",NA,NA,"A","farm",NA,NA,NA,NA,NA,NA,17.07,85,"unknown",26,"no","CTmax","LOE",26,31,NA,"constant",60,0.3,NA,NA,NA,NA,NA,6.72,NA,NA,12,NA,"starved","Treatments were acclimated for different durations.",NA,"Body_mass and oxygen were averaged between treatments. Animals acclimated to 26C were acclimated for longer because it was the housing_temp. age_tested was taken as the age the fish arrived in the lab (10 dph) + 15 days of recovery + 60 days of acclimation.",42.33,0.171464282,6,44.81,0.171464282,6,"sd","Data taken from table. SE was converted to SD.","no",3,1,44.1633333333333,45.2533333333333,0.163299316333333,0.130639453,34.7305550080109,35.5255067975217,0.780377538847258,0.739974322059287,"no",0.171464282,0.171464282,0.496000000000001,0.000392000000023674,50.5076272260854,"no","labeo rohita","Labeo_rohita",160616,"Labeo_rohita"
"SB",905,21,4,195,210,511,793,"Treatments re-used in stepwise comparisons.","Tab2",NA,NA,"published",NA,"peer-reviewed","Das_et_al_2005","Thermal tolerance, growth and oxygen consumption of Labeo rohita fry (Hamilton, 1822) acclimated to four temperatures",2005,"Journal of Thermal Biology",NA,"10.1016/j.jtherbio.2005.03.001","Das, T., A. K. Pal, S. K. Chakraborty, S. M. Manush, N. P. Sahu, and S. C. Mukherjee. ""Thermal tolerance, growth and oxygen consumption of Labeo rohita fry (Hamilton, 1822) acclimated to four temperatures."" Journal of Thermal Biology 30, no. 5 (2005): 378-383.","Chordata","Actinopterygii","Cypriniformes","Cyprinidae","Labeo","rohita","Labeo rohita",2.81724846,"Age","aquatic","fish","oviparous","juvenile","juvenile","no","mobile",NA,NA,"A","farm",NA,NA,NA,NA,NA,NA,18.11,85,"unknown",26,"yes","CTmax","LOE",31,33,NA,"constant",60,0.3,NA,NA,NA,NA,NA,6.36,NA,NA,12,NA,"starved",NA,NA,"Body_mass and oxygen were averaged between treatments. age_tested was taken as the age the fish arrived in the lab (10 dph) + 15 days of recovery + 60 days of acclimation.",44.81,0.171464282,6,45.35,0.146969385,6,"sd","Data taken from table. SE was converted to SD.","no",3,1,44.1633333333333,45.2533333333333,0.163299316333333,0.130639453,34.7305550080109,35.5255067975217,0.780377538847258,0.739974322059287,"no",0.171464282,0.146969385,0.27,0.00212500000537724,21.6930457544189,"no","labeo rohita","Labeo_rohita",160616,"Labeo_rohita"
"SB",906,21,4,195,210,511,794,"Treatments re-used in stepwise comparisons.","Tab2",NA,NA,"published",NA,"peer-reviewed","Das_et_al_2005","Thermal tolerance, growth and oxygen consumption of Labeo rohita fry (Hamilton, 1822) acclimated to four temperatures",2005,"Journal of Thermal Biology",NA,"10.1016/j.jtherbio.2005.03.001","Das, T., A. K. Pal, S. K. Chakraborty, S. M. Manush, N. P. Sahu, and S. C. Mukherjee. ""Thermal tolerance, growth and oxygen consumption of Labeo rohita fry (Hamilton, 1822) acclimated to four temperatures."" Journal of Thermal Biology 30, no. 5 (2005): 378-383.","Chordata","Actinopterygii","Cypriniformes","Cyprinidae","Labeo","rohita","Labeo rohita",2.81724846,"Age","aquatic","fish","oviparous","juvenile","juvenile","no","mobile",NA,NA,"A","farm",NA,NA,NA,NA,NA,NA,15.845,85,"unknown",26,"yes","CTmax","LOE",33,36,NA,"constant",60,0.3,NA,NA,NA,NA,NA,5.74,NA,NA,12,NA,"starved",NA,NA,"Body_mass and oxygen were averaged between treatments. age_tested was taken as the age the fish arrived in the lab (10 dph) + 15 days of recovery + 60 days of acclimation.",45.35,0.146969385,6,45.6,0.073484692,6,"sd","Data taken from table. SE was converted to SD.","no",3,1,44.1633333333333,45.2533333333333,0.163299316333333,0.130639453,34.7305550080109,35.5255067975217,0.780377538847258,0.739974322059287,"no",0.146969385,0.073484692,0.0833333333333333,0.000500000001585428,44.7213594790933,"no","labeo rohita","Labeo_rohita",160616,"Labeo_rohita"
"PP",99,28,27,25,27,61,91,"Treatments re-used in stepwise comparisons.","Fig2B",NA,"017_Deslauriers_2016_Fig2B","published",NA,"peer-reviewed","Deslauriers_et_al_2016","Lethal Thermal Maxima for Age?0 Pallid and Shovelnose Sturgeon: Implications for Shallow Water Habitat Restoration",2016,"River Research and Applications",NA,"10.1002/rra.3022","Deslauriers, David, L. Heironimus, and Steven R. Chipps. ""Lethal Thermal Maxima for Age?0 Pallid and Shovelnose Sturgeon: Implications for Shallow Water Habitat Restoration."" River Research and Applications 32, no. 9 (2016): 1872-1878.","Chordata","Actinopterygii","Acipenseriformes","Acipenseridae","Scaphirhynchus","albus","Scaphirhynchus albus",10.5,"https://en.wikipedia.org/wiki/Pallid_sturgeon","aquatic","fish","oviparous","juvenile","juvenile","no","mobile",NA,NA,"A","hatchery",NA,NA,NA,NA,NA,111.5,2.35234345,NA,"unknown",17,"yes","CTmax","death",18,24,1,"fluctuating",7,2,NA,NA,NA,NA,NA,6,NA,NA,NA,NA,"starved",NA,NA,"Body mass calculated from the figure 2. Body length was taken as the mean between of the range presented in the main text.",33.3966813,0.7467315,11,34.6121763,1.0067351,19,"sd","Data digitised from figure","no",2,1,32.9453447,34.3641359666667,1.25385826666667,0.881469866666667,34.7305550080109,35.5255067975217,0.780377538847258,0.739974322059287,"no",0.7467315,1.0067351,0.202582500000001,0.00288984873817715,18.6021201164605,"no","scaphirhynchus albus","Scaphirhynchus_albus",962544,"Scaphirhynchus_albus"
"PP",98,28,27,25,27,61,90,"Treatments re-used in stepwise comparisons.","Fig2B",NA,"017_Deslauriers_2016_Fig2B","published",NA,"peer-reviewed","Deslauriers_et_al_2016","Lethal Thermal Maxima for Age?0 Pallid and Shovelnose Sturgeon: Implications for Shallow Water Habitat Restoration",2016,"River Research and Applications",NA,"10.1002/rra.3022","Deslauriers, David, L. Heironimus, and Steven R. Chipps. ""Lethal Thermal Maxima for Age?0 Pallid and Shovelnose Sturgeon: Implications for Shallow Water Habitat Restoration."" River Research and Applications 32, no. 9 (2016): 1872-1878.","Chordata","Actinopterygii","Acipenseriformes","Acipenseridae","Scaphirhynchus","albus","Scaphirhynchus albus",10.5,"https://en.wikipedia.org/wiki/Pallid_sturgeon","aquatic","fish","oviparous","juvenile","juvenile","no","mobile",NA,NA,"A","hatchery",NA,NA,NA,NA,NA,111.5,2.60751905,NA,"unknown",17,"yes","CTmax","death",13,18,1,"fluctuating",7,2,NA,NA,NA,NA,NA,6,NA,NA,NA,NA,"starved",NA,NA,"Body mass calculated from the figure 2. Body length was taken as the mean between of the range presented in the main text.",32.0008512,2.0242117,24,33.3966813,0.7467315,11,"sd","Data digitised from figure","no",2,1,32.9453447,34.3641359666667,1.25385826666667,0.881469866666667,34.7305550080109,35.5255067975217,0.780377538847258,0.739974322059287,"no",2.0242117,0.7467315,0.27916602,0.00885672022193936,10.6258464817145,"no","scaphirhynchus albus","Scaphirhynchus_albus",962544,"Scaphirhynchus_albus"
"SB",893,29,29,193,208,507,781,"Treatments re-used in stepwise comparisons.","Tab1",NA,NA,"published",NA,"peer-reviewed","Diaz-Herrera_et_al_1998","Critical thermal maxima and minima of Macrobrachium rosenbergii (Decapoda: Palaemonidae)",1998,"Journal of Thermal Biology",NA,"https://doi.org/10.1016/S0306-4565(98)00029-1","Herrera, Fernando D??az, Elizabeth Sierra Uribe, L. Fernando Bückle Ramirez, and Arturo Garrido Mora. ""Critical thermal maxima and minima of Macrobrachium rosenbergii (Decapoda: Palaemonidae)."" Journal of Thermal Biology 23, no. 6 (1998): 381-385.","Arthropoda","Malacostraca","Decapoda","Palaemonidae","Macrobrachium","rosenbergii","Macrobrachium rosenbergii",0.5,"https://agrilifecdn.tamu.edu/fisheries2/files/2013/09/SRAC-Publication-No.-483-Biology-and-Life-History-of-Freshwater-Prawns.pdf","aquatic","aquatic invertebrate","viviparous","juvenile","juvenile","no","mobile",NA,NA,"A","farm",NA,NA,NA,NA,NA,NA,0.14,NA,"unknown",29,"yes","CTmax","other",23,26,1,"fluctuating",28,1,NA,NA,NA,NA,NA,NA,NA,NA,12,NA,"fed","Body mass before acclimation.",NA,"Data for postlarvae. Endpoint was the temperature at which animals experience ""total disorientation"". Coordinates not taken because too aproximate. Body_mass was taken as the mean of the range presented (0.08-0.2), and was the body mass before acclimation.",38.3,0.790404765,60,39,1.185607147,60,"sd","Data taken from table. Sample size was taken as the number of animals tested for each life stage (300) divided by the number of acclimation temperatures (5). Confidence intervals were converted back to SE by dividing them by 1.96, and SE was then converted to SD.","no",4,1,38.8125,40.125,1.926611613625,1.877211315875,34.7305550080109,35.5255067975217,0.780377538847258,0.739974322059287,"no",0.790404765,1.185607147,0.233333333333334,0.00376000740657812,16.3081857641296,"no","macrobrachium rosenbergii","Macrobrachium_rosenbergii",708755,"Macrobrachium_rosenbergii"
"SB",894,29,29,193,208,507,782,"Treatments re-used in stepwise comparisons.","Tab1",NA,NA,"published",NA,"peer-reviewed","Diaz-Herrera_et_al_1998","Critical thermal maxima and minima of Macrobrachium rosenbergii (Decapoda: Palaemonidae)",1998,"Journal of Thermal Biology",NA,"https://doi.org/10.1016/S0306-4565(98)00029-1","Herrera, Fernando D??az, Elizabeth Sierra Uribe, L. Fernando Bückle Ramirez, and Arturo Garrido Mora. ""Critical thermal maxima and minima of Macrobrachium rosenbergii (Decapoda: Palaemonidae)."" Journal of Thermal Biology 23, no. 6 (1998): 381-385.","Arthropoda","Malacostraca","Decapoda","Palaemonidae","Macrobrachium","rosenbergii","Macrobrachium rosenbergii",0.5,"https://agrilifecdn.tamu.edu/fisheries2/files/2013/09/SRAC-Publication-No.-483-Biology-and-Life-History-of-Freshwater-Prawns.pdf","aquatic","aquatic invertebrate","viviparous","juvenile","juvenile","no","mobile",NA,NA,"A","farm",NA,NA,NA,NA,NA,NA,0.14,NA,"unknown",29,"no","CTmax","other",26,29,1,"fluctuating",28,1,NA,NA,NA,NA,NA,NA,NA,NA,12,NA,"fed","Treatments were acclimated for different durations. Body mass before acclimation.",NA,"Data for postlarvae. Endpoint was the temperature at which animals experience ""total disorientation"". Coordinates not taken because too aproximate. Body_mass was taken as the mean of the range presented (0.08-0.2), and was the body mass before acclimation. Animals acclimated to 29C were acclimated for longer because it was the housing_temp.",39,1.185607147,60,41,1.185607147,60,"sd","Data taken from table. Sample size was taken as the number of animals tested for each life stage (300) divided by the number of acclimation temperatures (5). Confidence intervals were converted back to SE by dividing them by 1.96, and SE was then converted to SD.","no",4,1,38.8125,40.125,1.926611613625,1.877211315875,34.7305550080109,35.5255067975217,0.780377538847258,0.739974322059287,"no",1.185607147,1.185607147,0.666666666666667,0.00520616410006474,13.8592929088972,"no","macrobrachium rosenbergii","Macrobrachium_rosenbergii",708755,"Macrobrachium_rosenbergii"
"SB",892,29,29,193,208,507,780,"Treatments re-used in stepwise comparisons.","Tab1",NA,NA,"published",NA,"peer-reviewed","Diaz-Herrera_et_al_1998","Critical thermal maxima and minima of Macrobrachium rosenbergii (Decapoda: Palaemonidae)",1998,"Journal of Thermal Biology",NA,"https://doi.org/10.1016/S0306-4565(98)00029-1","Herrera, Fernando D??az, Elizabeth Sierra Uribe, L. Fernando Bückle Ramirez, and Arturo Garrido Mora. ""Critical thermal maxima and minima of Macrobrachium rosenbergii (Decapoda: Palaemonidae)."" Journal of Thermal Biology 23, no. 6 (1998): 381-385.","Arthropoda","Malacostraca","Decapoda","Palaemonidae","Macrobrachium","rosenbergii","Macrobrachium rosenbergii",0.5,"https://agrilifecdn.tamu.edu/fisheries2/files/2013/09/SRAC-Publication-No.-483-Biology-and-Life-History-of-Freshwater-Prawns.pdf","aquatic","aquatic invertebrate","viviparous","juvenile","juvenile","no","mobile",NA,NA,"A","farm",NA,NA,NA,NA,NA,NA,0.14,NA,"unknown",29,"yes","CTmax","other",20,23,1,"fluctuating",28,1,NA,NA,NA,NA,NA,NA,NA,NA,12,NA,"fed","Body mass before acclimation.",NA,"Data for postlarvae. Endpoint was the temperature at which animals experience ""total disorientation"". Coordinates not taken because too aproximate. Body_mass was taken as the mean of the range presented (0.08-0.2), and was the body mass before acclimation.",36.6,0.395202382,60,38.3,0.790404765,60,"sd","Data taken from table. Sample size was taken as the number of animals tested for each life stage (300) divided by the number of acclimation temperatures (5). Confidence intervals were converted back to SE by dividing them by 1.96, and SE was then converted to SD.","no",4,1,38.8125,40.125,1.926611613625,1.877211315875,34.7305550080109,35.5255067975217,0.780377538847258,0.739974322059287,"no",0.395202382,0.790404765,0.566666666666665,0.00144615669495033,26.2961594064856,"no","macrobrachium rosenbergii","Macrobrachium_rosenbergii",708755,"Macrobrachium_rosenbergii"
"SB",896,29,29,193,208,508,784,"Treatments re-used in stepwise comparisons.","Tab1",NA,NA,"published",NA,"peer-reviewed","Diaz-Herrera_et_al_1998","Critical thermal maxima and minima of Macrobrachium rosenbergii (Decapoda: Palaemonidae)",1998,"Journal of Thermal Biology",NA,"https://doi.org/10.1016/S0306-4565(98)00029-1","Herrera, Fernando D??az, Elizabeth Sierra Uribe, L. Fernando Bückle Ramirez, and Arturo Garrido Mora. ""Critical thermal maxima and minima of Macrobrachium rosenbergii (Decapoda: Palaemonidae)."" Journal of Thermal Biology 23, no. 6 (1998): 381-385.","Arthropoda","Malacostraca","Decapoda","Palaemonidae","Macrobrachium","rosenbergii","Macrobrachium rosenbergii",0.5,"https://agrilifecdn.tamu.edu/fisheries2/files/2013/09/SRAC-Publication-No.-483-Biology-and-Life-History-of-Freshwater-Prawns.pdf","aquatic","aquatic invertebrate","viviparous","juvenile","juvenile","no","mobile",NA,NA,"A","farm",NA,NA,NA,NA,NA,NA,1.15,NA,"unknown",29,"yes","CTmax","other",20,23,1,"fluctuating",28,1,NA,NA,NA,NA,NA,NA,NA,NA,12,NA,"fed","Body mass before acclimation.",NA,"Data for juveniles. Endpoint was the temperature at which animals experience ""total disorientation"". Coordinates not taken because too aproximate. Body_mass was taken as the mean of the range presented (0.6-1.7), and was the body mass before acclimation.",36.5,4.347226205,60,38.4,0.395202382,60,"sd","Data taken from table. Sample size was taken as the number of animals tested for each life stage (300) divided by the number of acclimation temperatures (5). Confidence intervals were converted back to SE by dividing them by 1.96, and SE was then converted to SD.","no",4,1,38.8125,40.125,1.926611613625,1.877211315875,34.7305550080109,35.5255067975217,0.780377538847258,0.739974322059287,"no",4.347226205,0.395202382,0.633333333333333,0.0352862233336614,5.32350186724043,"no","macrobrachium rosenbergii","Macrobrachium_rosenbergii",708755,"Macrobrachium_rosenbergii"
"SB",899,29,29,193,208,508,787,"Treatments re-used in stepwise comparisons.","Tab1",NA,NA,"published",NA,"peer-reviewed","Diaz-Herrera_et_al_1998","Critical thermal maxima and minima of Macrobrachium rosenbergii (Decapoda: Palaemonidae)",1998,"Journal of Thermal Biology",NA,"https://doi.org/10.1016/S0306-4565(98)00029-1","Herrera, Fernando D??az, Elizabeth Sierra Uribe, L. Fernando Bückle Ramirez, and Arturo Garrido Mora. ""Critical thermal maxima and minima of Macrobrachium rosenbergii (Decapoda: Palaemonidae)."" Journal of Thermal Biology 23, no. 6 (1998): 381-385.","Arthropoda","Malacostraca","Decapoda","Palaemonidae","Macrobrachium","rosenbergii","Macrobrachium rosenbergii",0.5,"https://agrilifecdn.tamu.edu/fisheries2/files/2013/09/SRAC-Publication-No.-483-Biology-and-Life-History-of-Freshwater-Prawns.pdf","aquatic","aquatic invertebrate","viviparous","juvenile","juvenile","no","mobile",NA,NA,"A","farm",NA,NA,NA,NA,NA,NA,1.15,NA,"unknown",29,"no","CTmax","other",29,32,1,"fluctuating",28,1,NA,NA,NA,NA,NA,NA,NA,NA,12,NA,"fed","Treatments were acclimated for different durations.",NA,"Data for juveniles. Endpoint was the temperature at which animals experience ""total disorientation"". Coordinates not taken because too aproximate. Body_mass was taken as the mean of the range presented (0.08-0.2), and was the body mass before acclimation. Animals acclimated to 29C were acclimated for longer because it was the housing_temp.",41.5,3.952023823,60,42,3.161619058,60,"sd","Data taken from table. Sample size was taken as the number of animals tested for each life stage (300) divided by the number of acclimation temperatures (5). Confidence intervals were converted back to SE by dividing them by 1.96, and SE was then converted to SD.","no",4,1,38.8125,40.125,1.926611613625,1.877211315875,34.7305550080109,35.5255067975217,0.780377538847258,0.739974322059287,"no",3.952023823,3.161619058,0.166666666666667,0.0474339395656821,4.59150859935743,"no","macrobrachium rosenbergii","Macrobrachium_rosenbergii",708755,"Macrobrachium_rosenbergii"
"SB",895,29,29,193,208,507,783,"Treatments re-used in stepwise comparisons.","Tab1",NA,NA,"published",NA,"peer-reviewed","Diaz-Herrera_et_al_1998","Critical thermal maxima and minima of Macrobrachium rosenbergii (Decapoda: Palaemonidae)",1998,"Journal of Thermal Biology",NA,"https://doi.org/10.1016/S0306-4565(98)00029-1","Herrera, Fernando D??az, Elizabeth Sierra Uribe, L. Fernando Bückle Ramirez, and Arturo Garrido Mora. ""Critical thermal maxima and minima of Macrobrachium rosenbergii (Decapoda: Palaemonidae)."" Journal of Thermal Biology 23, no. 6 (1998): 381-385.","Arthropoda","Malacostraca","Decapoda","Palaemonidae","Macrobrachium","rosenbergii","Macrobrachium rosenbergii",0.5,"https://agrilifecdn.tamu.edu/fisheries2/files/2013/09/SRAC-Publication-No.-483-Biology-and-Life-History-of-Freshwater-Prawns.pdf","aquatic","aquatic invertebrate","viviparous","juvenile","juvenile","no","mobile",NA,NA,"A","farm",NA,NA,NA,NA,NA,NA,0.14,NA,"unknown",29,"no","CTmax","other",29,32,1,"fluctuating",28,1,NA,NA,NA,NA,NA,NA,NA,NA,12,NA,"fed","Treatments were acclimated for different durations. Body mass before acclimation.",NA,"Data for postlarvae. Endpoint was the temperature at which animals experience ""total disorientation"". Coordinates not taken because too aproximate. Body_mass was taken as the mean of the range presented (0.08-0.2), and was the body mass before acclimation. Animals acclimated to 29C were acclimated for longer because it was the housing_temp.",41,1.185607147,60,41.6,1.185607147,60,"sd","Data taken from table. Sample size was taken as the number of animals tested for each life stage (300) divided by the number of acclimation temperatures (5). Confidence intervals were converted back to SE by dividing them by 1.96, and SE was then converted to SD.","no",4,1,38.8125,40.125,1.926611613625,1.877211315875,34.7305550080109,35.5255067975217,0.780377538847258,0.739974322059287,"no",1.185607147,1.185607147,0.2,0.00520616410006474,13.8592929088972,"no","macrobrachium rosenbergii","Macrobrachium_rosenbergii",708755,"Macrobrachium_rosenbergii"
"SB",898,29,29,193,208,508,786,"Treatments re-used in stepwise comparisons.","Tab1",NA,NA,"published",NA,"peer-reviewed","Diaz-Herrera_et_al_1998","Critical thermal maxima and minima of Macrobrachium rosenbergii (Decapoda: Palaemonidae)",1998,"Journal of Thermal Biology",NA,"https://doi.org/10.1016/S0306-4565(98)00029-1","Herrera, Fernando D??az, Elizabeth Sierra Uribe, L. Fernando Bückle Ramirez, and Arturo Garrido Mora. ""Critical thermal maxima and minima of Macrobrachium rosenbergii (Decapoda: Palaemonidae)."" Journal of Thermal Biology 23, no. 6 (1998): 381-385.","Arthropoda","Malacostraca","Decapoda","Palaemonidae","Macrobrachium","rosenbergii","Macrobrachium rosenbergii",0.5,"https://agrilifecdn.tamu.edu/fisheries2/files/2013/09/SRAC-Publication-No.-483-Biology-and-Life-History-of-Freshwater-Prawns.pdf","aquatic","aquatic invertebrate","viviparous","juvenile","juvenile","no","mobile",NA,NA,"A","farm",NA,NA,NA,NA,NA,NA,1.15,NA,"unknown",29,"no","CTmax","other",26,29,1,"fluctuating",28,1,NA,NA,NA,NA,NA,NA,NA,NA,12,NA,"fed","Treatments were acclimated for different durations.",NA,"Data for juveniles. Endpoint was the temperature at which animals experience ""total disorientation"". Coordinates not taken because too aproximate. Body_mass was taken as the mean of the range presented (0.08-0.2), and was the body mass before acclimation. Animals acclimated to 29C were acclimated for longer because it was the housing_temp.",39.2,3.161619058,60,41.5,3.952023823,60,"sd","Data taken from table. Sample size was taken as the number of animals tested for each life stage (300) divided by the number of acclimation temperatures (5). Confidence intervals were converted back to SE by dividing them by 1.96, and SE was then converted to SD.","no",4,1,38.8125,40.125,1.926611613625,1.877211315875,34.7305550080109,35.5255067975217,0.780377538847258,0.739974322059287,"no",3.161619058,3.952023823,0.766666666666666,0.0474339395656821,4.59150859935743,"no","macrobrachium rosenbergii","Macrobrachium_rosenbergii",708755,"Macrobrachium_rosenbergii"
"SB",897,29,29,193,208,508,785,"Treatments re-used in stepwise comparisons.","Tab1",NA,NA,"published",NA,"peer-reviewed","Diaz-Herrera_et_al_1998","Critical thermal maxima and minima of Macrobrachium rosenbergii (Decapoda: Palaemonidae)",1998,"Journal of Thermal Biology",NA,"https://doi.org/10.1016/S0306-4565(98)00029-1","Herrera, Fernando D??az, Elizabeth Sierra Uribe, L. Fernando Bückle Ramirez, and Arturo Garrido Mora. ""Critical thermal maxima and minima of Macrobrachium rosenbergii (Decapoda: Palaemonidae)."" Journal of Thermal Biology 23, no. 6 (1998): 381-385.","Arthropoda","Malacostraca","Decapoda","Palaemonidae","Macrobrachium","rosenbergii","Macrobrachium rosenbergii",0.5,"https://agrilifecdn.tamu.edu/fisheries2/files/2013/09/SRAC-Publication-No.-483-Biology-and-Life-History-of-Freshwater-Prawns.pdf","aquatic","aquatic invertebrate","viviparous","juvenile","juvenile","no","mobile",NA,NA,"A","farm",NA,NA,NA,NA,NA,NA,1.15,NA,"unknown",29,"yes","CTmax","other",23,26,1,"fluctuating",28,1,NA,NA,NA,NA,NA,NA,NA,NA,12,NA,"fed","Body mass before acclimation.",NA,"Data for juveniles. Endpoint was the temperature at which animals experience ""total disorientation"". Coordinates not taken because too aproximate. Body_mass was taken as the mean of the range presented (0.6-1.7), and was the body mass before acclimation.",38.4,0.395202382,60,39.2,3.161619058,60,"sd","Data taken from table. Sample size was taken as the number of animals tested for each life stage (300) divided by the number of acclimation temperatures (5). Confidence intervals were converted back to SE by dividing them by 1.96, and SE was then converted to SD.","no",4,1,38.8125,40.125,1.926611613625,1.877211315875,34.7305550080109,35.5255067975217,0.780377538847258,0.739974322059287,"no",0.395202382,3.161619058,0.266666666666668,0.0188000370197172,7.29324239421287,"no","macrobrachium rosenbergii","Macrobrachium_rosenbergii",708755,"Macrobrachium_rosenbergii"
"PP",187,33,32,30,32,79,119,"Treatments were re-used in stepwise comparisons.","Fig1",NA,"020_Elliott_Klemetsen_2002_Fig1","published",NA,"peer-reviewed","Elliott_and_Klemetsen_2002","The upper critical thermal limits for alevins of Arctic charr from a Norwegian lake north of the Arctic circle",2002,"Journal of Fish Biology",NA,"Elliott, J. M., and A. Klemetsen. ""The upper critical thermal limits for alevins of Arctic charr from a Norwegian lake north of the Arctic circle."" Journal of Fish Biology 60, no. 5 (2002): 1338-1341.","Elliott, J. M., and A. Klemetsen. ""The upper critical thermal limits for alevins of Arctic charr from a Norwegian lake north of the Arctic circle."" Journal of Fish Biology 60, no. 5 (2002): 1338-1341.","Chordata","Actinopterygii","Salmoniformes","Salmonidae","Salvelinus","alpinus","Salvelinus alpinus",8.993839836,"Age","aquatic","fish","oviparous","juvenile","juvenile","no","mobile",NA,NA,"A","lab",69.08333333,19.33333333,125,"fall",1998,14,NA,NA,"unknown",NA,NA,"LT50","death",0.5,5,0.1,"constant",3.5,NA,168,NA,NA,NA,NA,NA,NA,NA,NA,NA,NA,NA,"Elliot's hybrid methodology. Sample size unclear.","Season was taken to be ""fall"" because animals were collected in September. Elevation was inferred from Google Earth. Body length (forklength) was taken as the mean of the range presented (13-15mm).Acc_duration was taken as the mean of the range presented (3-4 days). Elliott's hybrid methodology was considered analogous to LT50 estimations. n_test_temp, n_replicates_per_temp, and n_animals_per_replicate not communicated.",19.1820895,0.92684361,24,19.2961863,1.21202627,24,"sd","Data digitised from figure","no",9,1,21.92397875,22.6299528375,0.8681567725,0.9285102225,34.7305550080109,35.5255067975217,0.780377538847258,0.739974322059287,"no",0.92684361,1.21202627,0.0253548444444441,0.00479021966372005,14.4484841349267,"yes","salvelinus alpinus","Salvelinus_alpinus",688324,"Salvelinus_alpinus"
"PP",183,33,32,30,32,78,115,"Treatments were re-used in stepwise comparisons.","Fig1",NA,"020_Elliott_Klemetsen_2002_Fig1","published",NA,"peer-reviewed","Elliott_and_Klemetsen_2002","The upper critical thermal limits for alevins of Arctic charr from a Norwegian lake north of the Arctic circle",2002,"Journal of Fish Biology",NA,"Elliott, J. M., and A. Klemetsen. ""The upper critical thermal limits for alevins of Arctic charr from a Norwegian lake north of the Arctic circle."" Journal of Fish Biology 60, no. 5 (2002): 1338-1341.","Elliott, J. M., and A. Klemetsen. ""The upper critical thermal limits for alevins of Arctic charr from a Norwegian lake north of the Arctic circle."" Journal of Fish Biology 60, no. 5 (2002): 1338-1341.","Chordata","Actinopterygii","Salmoniformes","Salmonidae","Salvelinus","alpinus","Salvelinus alpinus",8.993839836,"Age","aquatic","fish","oviparous","juvenile","juvenile","no","mobile",NA,NA,"A","lab",69.08333333,19.33333333,125,"fall",1998,14,NA,NA,"unknown",NA,NA,"CTmax","death",0.5,5,0.1,"constant",3.5,0.033333333,NA,NA,NA,NA,NA,NA,NA,NA,NA,NA,NA,NA,NA,"Season was taken to be ""fall"" because animals were collected in September. Elevation was inferred from Google Earth. Body length (forklength) was taken as the mean of the range presented (13-15mm).Acc_duration was taken as the mean of the range presented (3-4 days). The authors used the temperature letal for a 10-min period, which is analogous to the CTmax method.",22.6049942,0.34927599,36,23.4321961,0.51658615,35,"sd","Data digitised from figure","no",9,1,21.92397875,22.6299528375,0.8681567725,0.9285102225,34.7305550080109,35.5255067975217,0.780377538847258,0.739974322059287,"no",0.34927599,0.51658615,0.183822644444444,0.000543867729376932,42.8798596041496,"no","salvelinus alpinus","Salvelinus_alpinus",688324,"Salvelinus_alpinus"
"SB",862,38,35,186,199,490,750,"Treatments re-used in stepwise comparisons.","Tab1",NA,NA,"published",NA,"peer-reviewed","Gervais_et_al_2020","Population variation in the thermal response to climate change reveals differing sensitivity in a benthic shark",2020,"Global Change Biology",NA,"10.1111/gcb.15422","Gervais, Connor R., Charlie Huveneers, Jodie L. Rummer, and Culum Brown. ""Population variation in the thermal response to climate change reveals differing sensitivity in a benthic shark."" Global Change Biology 27, no. 1 (2021): 108-120.","Chordata","Chondrichthyes","Heterodontiformes","Heterodontidae","Heterodontus","portusjacksoni","Heterodontus portusjacksoni",10.75,"https://australian.museum/learn/animals/fishes/port-jackson-shark-heterodontus-portusjacksoni-meyer-1793/","aquatic","fish","oviparous","embryo_and_juvenile","juvenile","no","mobile",NA,NA,"C","lab",-35.068,150.684,NA,"spring",2016,NA,73.29,14,"unknown",18,"yes","CTmax","LRR",20.6,23.6,0.5,"constant",NA,0.13,NA,NA,NA,NA,NA,NA,NA,NA,NA,NA,NA,"Eggs were collected from the wild",NA,"Eggs were collected from the wild so a portion of the development occurred outside controlled conditions. Season was taken to be ""spring"" because animals were collected in Ocotober and November in Australia. Body mass was averaged between the treatments compared. Development time was not reported so acc_duration was not reported.",33.39,0.44,16,34.91,0.298496231,11,"sd","Data taken from table. SE was converted to SD.","no",2,1,32.1366666666667,33.66,0.567441796333333,0.392832077,34.7305550080109,35.5255067975217,0.780377538847258,0.739974322059287,"no",0.44,0.298496231,0.506666666666665,0.00224444444364854,21.1079263456513,"no","heterodontus portusjacksoni","Heterodontus_portusjacksoni",1019118,"Heterodontus_portusjacksoni"
"SB",861,38,35,186,199,490,749,"Treatments re-used in stepwise comparisons.","Tab1",NA,NA,"published",NA,"peer-reviewed","Gervais_et_al_2020","Population variation in the thermal response to climate change reveals differing sensitivity in a benthic shark",2020,"Global Change Biology",NA,"10.1111/gcb.15422","Gervais, Connor R., Charlie Huveneers, Jodie L. Rummer, and Culum Brown. ""Population variation in the thermal response to climate change reveals differing sensitivity in a benthic shark."" Global Change Biology 27, no. 1 (2021): 108-120.","Chordata","Chondrichthyes","Heterodontiformes","Heterodontidae","Heterodontus","portusjacksoni","Heterodontus portusjacksoni",10.75,"https://australian.museum/learn/animals/fishes/port-jackson-shark-heterodontus-portusjacksoni-meyer-1793/","aquatic","fish","oviparous","embryo_and_juvenile","juvenile","no","mobile",NA,NA,"C","lab",-35.068,150.684,NA,"spring",2016,NA,81.115,14,"unknown",18,"yes","CTmax","LRR",17.6,20.6,0.5,"constant",NA,0.13,NA,NA,NA,NA,NA,NA,NA,NA,NA,NA,NA,"Eggs were collected from the wild",NA,"Eggs were collected from the wild so a portion of the development occurred outside controlled conditions. Season was taken to be ""spring"" because animals were collected in Ocotober and November in Australia. Body mass was averaged between the treatments compared. Development time was not reported so acc_duration was not reported.",31.45,0.813326503,15,33.39,0.44,16,"sd","Data taken from table. SE was converted to SD.","no",2,1,32.1366666666667,33.66,0.567441796333333,0.392832077,34.7305550080109,35.5255067975217,0.780377538847258,0.739974322059287,"no",0.813326503,0.44,0.646666666666667,0.00624444444801636,12.6547362146686,"no","heterodontus portusjacksoni","Heterodontus_portusjacksoni",1019118,"Heterodontus_portusjacksoni"
"SB",863,38,35,187,200,491,751,NA,"Tab1",NA,NA,"published",NA,"peer-reviewed","Gervais_et_al_2020","Population variation in the thermal response to climate change reveals differing sensitivity in a benthic shark",2020,"Global Change Biology",NA,"10.1111/gcb.15422","Gervais, Connor R., Charlie Huveneers, Jodie L. Rummer, and Culum Brown. ""Population variation in the thermal response to climate change reveals differing sensitivity in a benthic shark."" Global Change Biology 27, no. 1 (2021): 108-120.","Chordata","Chondrichthyes","Heterodontiformes","Heterodontidae","Heterodontus","portusjacksoni","Heterodontus portusjacksoni",10.75,"https://australian.museum/learn/animals/fishes/port-jackson-shark-heterodontus-portusjacksoni-meyer-1793/","aquatic","fish","oviparous","embryo_and_juvenile","juvenile","no","mobile",NA,NA,"C","lab",-35.141,138.465,NA,"spring",2016,NA,58.185,14,"unknown",15.5,"yes","CTmax","LRR",17.6,20.6,0.5,"constant",NA,0.13,NA,NA,NA,NA,NA,NA,NA,NA,NA,NA,NA,"Eggs were collected from the wild",NA,"Eggs were collected from the wild so a portion of the development occurred outside controlled conditions. Season was taken to be ""spring"" because animals were collected in Ocotober and November in Australia. Body mass was averaged between the treatments compared. Development time was not reported so acc_duration was not reported.",31.57,0.448998886,14,32.68,0.44,16,"sd","Data taken from table. SE was converted to SD.","no",1,1,32.1366666666667,33.66,0.567441796333333,0.392832077,34.7305550080109,35.5255067975217,0.780377538847258,0.739974322059287,"no",0.448998886,0.44,0.37,0.00294444444150191,18.428853514227,"no","heterodontus portusjacksoni","Heterodontus_portusjacksoni",1019118,"Heterodontus_portusjacksoni"
"PP",215,40,37,33,35,94,147,NA,"Fig5",NA,"023_Gomez-Isaza_2020_Fig5","published",NA,"peer-reviewed","Gomez-Isaza_et_al_2020","Thermal acclimation offsets the negative effects of nitrate on aerobic scope and performance",2020,"Journal of Experimental Biology",NA,"10.1242/jeb.224444","Isaza, D. F. G., Cramp, R. L., & Franklin, C. E. (2020). Thermal acclimation offsets the negative effects of nitrate on aerobic scope and performance. Journal of Experimental Biology, 223(16).","Chordata","Actinopterygii","Perciformes","Terapontidae","Bidyanus","bidyanus","Bidyanus bidyanus",3,"https://en.wikipedia.org/wiki/Bidyanus_bidyanus","aquatic","fish","oviparous","juvenile","juvenile","no","mobile",NA,NA,"A","hatchery",NA,NA,NA,NA,NA,NA,12.4,NA,"unknown",26,"yes","CTmax","LOE",28,32,0.25,"constant",94.5,0.2,NA,NA,NA,NA,NA,NA,NA,NA,12,NA,"starved",NA,NA,"Body mass was taken as the mean between the two acclimation groups (see Tab 1). Acclimation duration was taken as the mean of the range presented (13-14 weeks). Acc_temp_var was taken as the mean between the two acclimation groups (see Tab S1).",38.296627,0.34916996,12,39.2361111,0.28978136,12,"sd","Data digitised from figure. The data for animals supplemented with nitrate were not included.","no",1,1,38.296627,39.2361111,0.34916996,0.28978136,34.7305550080109,35.5255067975217,0.780377538847258,0.739974322059287,"no",0.34916996,0.28978136,0.234871025,0.00107235884150964,30.537250493835,"no","bidyanus bidyanus","Bidyanus_bidyanus",600523,"Bidyanus_bidyanus"
"PP",222,43,40,35,37,99,154,"Four populations (""Bird Rock, BR"", ""Pescadero, PE"", ""Santa Cruz, SC"" amd ""San Diego, SD"") were used in this study.","dataset","https://datadryad.org/stash/dataset/doi:10.5061/dryad.np5hqbzp0",NA,"published",NA,"peer-reviewed","Healy_et_al_2019","Variation in developmental temperature alters adulthood plasticity of thermal tolerance in Tigriopus californicus",2019,"Journal of Experimental Biology",NA,"10.1242/jeb.213405","Healy, Timothy M., Antonia K. Bock, and Ronald S. Burton. ""Variation in developmental temperature alters adulthood plasticity of thermal tolerance in Tigriopus californicus."" Journal of Experimental Biology 222, no. 22 (2019).","Arthropoda","Hexanauplia","Harpacticoida","Harpacticidae","Tigriopus","californicus","Tigriopus californicus",0.057494867,"Powlik_1996","aquatic","aquatic invertebrate","viviparous","juvenile","adult","yes","mobile",14,25,"F","lab",32.814202,-117.273379,0,NA,NA,NA,NA,NA,"mixed",20,"no","CTmax","other",20,25,NA,"constant",NA,NA,NA,NA,NA,NA,NA,NA,36,NA,12,NA,"starved","Treatments were acclimated for different durations.",NA,"Data for the Bird Rock (BR) population acclimated to 25C for 14 days as adults. Treatments were acclimated for different durations (14 days at 20C and 10 days at 25C) to synchronise the developmental stage of the animals. Because animals were developmentally acclimated to 20 or 25C and then re-acclimated to 20 or 25C as adults, the duration of acclimation is also always longer for one of the treatments.",38.0375,0.3222318,16,38.49375,0.4388906,16,"sd","Data calculated from the raw data","no",1,1,37.524375,38.048375,0.42009636,0.43091941,34.7305550080109,35.5255067975217,0.780377538847258,0.739974322059287,"no",0.3222318,0.4388906,0.0912499999999994,0.000741145729249,36.7323061046172,"no","tigriopus californicus","Tigriopus_californicus",461524,"Tigriopus_californicus"
"PP",228,43,40,38,40,105,160,"Four populations (""Bird Rock, BR"", ""Pescadero, PE"", ""Santa Cruz, SC"" amd ""San Diego, SD"") were used in this study.","dataset","https://datadryad.org/stash/dataset/doi:10.5061/dryad.np5hqbzp0",NA,"published",NA,"peer-reviewed","Healy_et_al_2019","Variation in developmental temperature alters adulthood plasticity of thermal tolerance in Tigriopus californicus",2019,"Journal of Experimental Biology",NA,"10.1242/jeb.213405","Healy, Timothy M., Antonia K. Bock, and Ronald S. Burton. ""Variation in developmental temperature alters adulthood plasticity of thermal tolerance in Tigriopus californicus."" Journal of Experimental Biology 222, no. 22 (2019).","Arthropoda","Hexanauplia","Harpacticoida","Harpacticidae","Tigriopus","californicus","Tigriopus californicus",0.057494867,"Powlik_1996","aquatic","aquatic invertebrate","viviparous","juvenile","adult","yes","mobile",10,25,"F","lab",32.744828,-117.255264,0,NA,NA,NA,NA,NA,"mixed",20,"no","CTmax","other",20,25,NA,"constant",NA,NA,NA,NA,NA,NA,NA,NA,36,NA,12,NA,"starved","Treatments were acclimated for different durations.",NA,"Data for the San Diego (SD) population acclimated to 25C for 10 days as adults. Treatments were acclimated for different durations (14 days at 20C and 10 days at 25C) to synchronise the developmental stage of the animals. Because animals were developmentally acclimated to 20 or 25C and then re-acclimated to 20 or 25C as adults, the duration of acclimation is also always longer for one of the treatments.",38.3,0.4457204,16,39.05625,0.2096624,16,"sd","Data calculated from the raw data","no",1,1,37.524375,38.048375,0.42009636,0.43091941,34.7305550080109,35.5255067975217,0.780377538847258,0.739974322059287,"no",0.4457204,0.2096624,0.15125,0.0006065624923748,40.6033834192934,"no","tigriopus californicus","Tigriopus_californicus",461524,"Tigriopus_californicus"
"PP",229,43,40,38,40,106,161,"Four populations (""Bird Rock, BR"", ""Pescadero, PE"", ""Santa Cruz, SC"" amd ""San Diego, SD"") were used in this study.","dataset","https://datadryad.org/stash/dataset/doi:10.5061/dryad.np5hqbzp0",NA,"published",NA,"peer-reviewed","Healy_et_al_2019","Variation in developmental temperature alters adulthood plasticity of thermal tolerance in Tigriopus californicus",2019,"Journal of Experimental Biology",NA,"10.1242/jeb.213405","Healy, Timothy M., Antonia K. Bock, and Ronald S. Burton. ""Variation in developmental temperature alters adulthood plasticity of thermal tolerance in Tigriopus californicus."" Journal of Experimental Biology 222, no. 22 (2019).","Arthropoda","Hexanauplia","Harpacticoida","Harpacticidae","Tigriopus","californicus","Tigriopus californicus",0.057494867,"Powlik_1996","aquatic","aquatic invertebrate","viviparous","juvenile","adult","yes","mobile",14,25,"F","lab",32.744828,-117.255264,0,NA,NA,NA,NA,NA,"mixed",20,"no","CTmax","other",20,25,NA,"constant",NA,NA,NA,NA,NA,NA,NA,NA,36,NA,12,NA,"starved","Treatments were acclimated for different durations.",NA,"Data for the San Diego (SD) population acclimated to 25C for 14 days as adults. Treatments were acclimated for different durations (14 days at 20C and 10 days at 25C) to synchronise the developmental stage of the animals. Because animals were developmentally acclimated to 20 or 25C and then re-acclimated to 20 or 25C as adults, the duration of acclimation is also always longer for one of the treatments.",38.0625,0.406407,16,39.1375,0.3344149,16,"sd","Data calculated from the raw data","no",1,1,37.524375,38.048375,0.42009636,0.43091941,34.7305550080109,35.5255067975217,0.780377538847258,0.739974322059287,"no",0.406407,0.3344149,0.215000000000001,0.000692499937477525,38.0005717282693,"no","tigriopus californicus","Tigriopus_californicus",461524,"Tigriopus_californicus"
"PP",227,43,40,38,40,104,159,"Four populations (""Bird Rock, BR"", ""Pescadero, PE"", ""Santa Cruz, SC"" amd ""San Diego, SD"") were used in this study.","dataset","https://datadryad.org/stash/dataset/doi:10.5061/dryad.np5hqbzp0",NA,"published",NA,"peer-reviewed","Healy_et_al_2019","Variation in developmental temperature alters adulthood plasticity of thermal tolerance in Tigriopus californicus",2019,"Journal of Experimental Biology",NA,"10.1242/jeb.213405","Healy, Timothy M., Antonia K. Bock, and Ronald S. Burton. ""Variation in developmental temperature alters adulthood plasticity of thermal tolerance in Tigriopus californicus."" Journal of Experimental Biology 222, no. 22 (2019).","Arthropoda","Hexanauplia","Harpacticoida","Harpacticidae","Tigriopus","californicus","Tigriopus californicus",0.057494867,"Powlik_1996","aquatic","aquatic invertebrate","viviparous","juvenile","adult","yes","mobile",14,20,"F","lab",32.744828,-117.255264,0,NA,NA,NA,NA,NA,"mixed",20,"no","CTmax","other",20,25,NA,"constant",NA,NA,NA,NA,NA,NA,NA,NA,36,NA,12,NA,"starved","Treatments were acclimated for different durations.",NA,"Data for the San Diego (SD) population acclimated to 20C as adults. Treatments were acclimated for different durations (14 days at 20C and 10 days at 25C) to synchronise the developmental stage of the animals. Because animals were developmentally acclimated to 20 or 25C and then re-acclimated to 20 or 25C as adults, the duration of acclimation is also always longer for one of the treatments.",37.8625,0.340343,16,38.11875,0.450509,16,"sd","Data calculated from the raw data","no",1,1,37.524375,38.048375,0.42009636,0.43091941,34.7305550080109,35.5255067975217,0.780377538847258,0.739974322059287,"no",0.340343,0.450509,0.0512500000000003,0.000796979291825,35.4222775341652,"no","tigriopus californicus","Tigriopus_californicus",461524,"Tigriopus_californicus"
"PP",220,43,40,35,37,97,152,"Four populations (""Bird Rock, BR"", ""Pescadero, PE"", ""Santa Cruz, SC"" amd ""San Diego, SD"") were used in this study.","dataset","https://datadryad.org/stash/dataset/doi:10.5061/dryad.np5hqbzp0",NA,"published",NA,"peer-reviewed","Healy_et_al_2019","Variation in developmental temperature alters adulthood plasticity of thermal tolerance in Tigriopus californicus",2019,"Journal of Experimental Biology",NA,"10.1242/jeb.213405","Healy, Timothy M., Antonia K. Bock, and Ronald S. Burton. ""Variation in developmental temperature alters adulthood plasticity of thermal tolerance in Tigriopus californicus."" Journal of Experimental Biology 222, no. 22 (2019).","Arthropoda","Hexanauplia","Harpacticoida","Harpacticidae","Tigriopus","californicus","Tigriopus californicus",0.057494867,"Powlik_1996","aquatic","aquatic invertebrate","viviparous","juvenile","adult","yes","mobile",14,20,"F","lab",32.814202,-117.273379,0,NA,NA,NA,NA,NA,"mixed",20,"no","CTmax","other",20,25,NA,"constant",NA,NA,NA,NA,NA,NA,NA,NA,36,NA,12,NA,"starved","Treatments were acclimated for different durations.",NA,"Data for the Bird Rock (BR) population acclimated to 20C as adults. Geographical coordinates were taken from Tab S1. The endpoint was ""the loss of locomotor performance (i.e. knockdown)"". Ramping rate was taken to be 0.1C/min although temperature was ramped at 0.1C/20 seconds from 20 to 32C (which is lower than any of the CTmax recorded).  Treatments were acclimated for different durations (14 days at 20C and 10 days at 25C) to synchronise the developmental stage of the animals. Because animals were developmentally acclimated to 20 or 25C and then re-acclimated to 20 or 25C as adults, the duration of acclimation is also always longer for one of the treatments.",37.9375,0.3138471,16,37.725,0.3530817,16,"sd","Data calculated from the raw data","no",1,1,37.524375,38.048375,0.42009636,0.43091941,34.7305550080109,35.5255067975217,0.780377538847258,0.739974322059287,"no",0.3138471,0.3530817,-0.0424999999999997,0.00055791672263325,42.336534991736,"no","tigriopus californicus","Tigriopus_californicus",461524,"Tigriopus_californicus"
"SB",853,52,49,183,196,486,743,"Treatments re-used in stepwise comparisons","TabS2",NA,NA,"published",NA,"peer-reviewed","Komoroske_et_al_2014","Ontogeny influences sensitivity to climate change stressors in an endangered fish",2014,"Conservation Physiology",NA,"10.1093/conphys/cou008","Komoroske, L. M., Richard E. Connon, J. Lindberg, B. S. Cheng, G. Castillo, M. Hasenbein, and N. A. Fangue. ""Ontogeny influences sensitivity to climate change stressors in an endangered fish."" Conservation Physiology 2, no. 1 (2014).","Chordata","Actinopterygii","Osmeriformes","Osmeridae","Hypomesus","transpacificus","Hypomesus transpacificus",NA,NA,"aquatic","fish","oviparous","juvenile","juvenile","no","mobile",NA,NA,"A","lab",NA,NA,NA,NA,NA,49,0.8,152,"unknown",16.4,"yes","CTmax","LOE",15.7,19.7,0.15,"constant",21,0.3,NA,NA,NA,NA,NA,NA,NA,8.6,NA,NA,"fed",NA,NA,"Geographical coordinates not reported because too aproximate. Age_tested was taken as the mean of the range presented (140-164). Acc_temp_var was averaged between treatments.",29.9,0.3,16,28.9,0.7,20,"sd","Data taken from table","no",2,1,28.5,29.4,0.55,0.5,34.7305550080109,35.5255067975217,0.780377538847258,0.739974322059287,"no",0.3,0.7,-0.25,0.0018828125,23.0460480766271,"no","hypomesus transpacificus","Hypomesus_transpacificus",348839,"Hypomesus_transpacificus"
"SB",852,52,49,183,196,486,742,"Treatments re-used in stepwise comparisons","TabS2",NA,NA,"published",NA,"peer-reviewed","Komoroske_et_al_2014","Ontogeny influences sensitivity to climate change stressors in an endangered fish",2014,"Conservation Physiology",NA,"10.1093/conphys/cou008","Komoroske, L. M., Richard E. Connon, J. Lindberg, B. S. Cheng, G. Castillo, M. Hasenbein, and N. A. Fangue. ""Ontogeny influences sensitivity to climate change stressors in an endangered fish."" Conservation Physiology 2, no. 1 (2014).","Chordata","Actinopterygii","Osmeriformes","Osmeridae","Hypomesus","transpacificus","Hypomesus transpacificus",NA,NA,"aquatic","fish","oviparous","juvenile","juvenile","no","mobile",NA,NA,"A","lab",NA,NA,NA,NA,NA,49,0.8,152,"unknown",16.4,"yes","CTmax","LOE",11.9,15.7,0.1,"constant",21,0.3,NA,NA,NA,NA,NA,NA,NA,8.6,NA,NA,"fed",NA,NA,"Geographical coordinates not reported because too aproximate. Age_tested was taken as the mean of the range presented (140-164). Acc_temp_var was averaged between treatments.",27.1,0.8,20,29.9,0.3,16,"sd","Data taken from table","no",2,1,28.5,29.4,0.55,0.5,34.7305550080109,35.5255067975217,0.780377538847258,0.739974322059287,"no",0.8,0.3,0.736842105263157,0.00260560941828255,19.5904919646057,"no","hypomesus transpacificus","Hypomesus_transpacificus",348839,"Hypomesus_transpacificus"
"SB/PP",844,56,53,181,194,483,734,"Treatments re-used in stepwise comparisons","Tab2",NA,NA,"published",NA,"peer-reviewed","Li_et_al_2015","Temperature-dependent physiological and biochemical responses of the marine medaka Oryzias melastigma with consideration of both low and high thermal extremes",2015,"Journal of Thermal Biology",NA,"http://dx.doi.org/10.1016/j.jtherbio.2014.09.011","Li, Adela J., Priscilla TY Leung, Vivien WW Bao, Gilbert CS Lui, and Kenneth MY Leung. ""Temperature-dependent physiological and biochemical responses of the marine medaka Oryzias melastigma with consideration of both low and high thermal extremes."" Journal of thermal biology 54 (2015): 98-105.","Chordata","Actinopterygii","Beloniformes","Adrianichthyidae","Oryzias","melastigma","Oryzias melastigma",0.424366872,"Dhillon_and_Fox_2004","aquatic","fish","oviparous","juvenile","juvenile","no","mobile",NA,NA,"A","lab",NA,NA,NA,NA,NA,4.75,7.8e-05,15.5,"unknown",25,"no","CTmax","LOE",25,28,0.1,"constant",7,0.3,NA,NA,NA,NA,NA,NA,33,8.25,12,NA,"fed","Treatments were acclimated for different durations.",NA,"age_tested was taken as the age of the larvae before acclimation (7-10 days) + the duration of acclimation (7 days). Animals acclimated to 25C were acclimated for longer because it was the housing_temp.",42.54,0.848528137,18,42.56,1.272792206,18,"sd","Data taken from table. SE was converted to SD.","no",4,1,41.296,41.874,0.7721606048,0.958836795,34.7305550080109,35.5255067975217,0.780377538847258,0.739974322059287,"no",0.848528137,1.272792206,0.00666666666666771,0.0144444444378706,8.32050294527182,"no","oryzias melastigma","Oryzias_melastigma",179491,"Oryzias_melastigma"
"SB",845,56,53,181,194,183,735,"Treatments re-used in stepwise comparisons","Tab2",NA,NA,"published",NA,"peer-reviewed","Li_et_al_2015","Temperature-dependent physiological and biochemical responses of the marine medaka Oryzias melastigma with consideration of both low and high thermal extremes",2015,"Journal of Thermal Biology",NA,"http://dx.doi.org/10.1016/j.jtherbio.2014.09.011","Li, Adela J., Priscilla TY Leung, Vivien WW Bao, Gilbert CS Lui, and Kenneth MY Leung. ""Temperature-dependent physiological and biochemical responses of the marine medaka Oryzias melastigma with consideration of both low and high thermal extremes."" Journal of thermal biology 54 (2015): 98-105.","Chordata","Actinopterygii","Beloniformes","Adrianichthyidae","Oryzias","melastigma","Oryzias melastigma",0.424366872,"Dhillon_and_Fox_2004","aquatic","fish","oviparous","juvenile","juvenile","no","mobile",NA,NA,"A","lab",NA,NA,NA,NA,NA,4.75,7.8e-05,15.5,"unknown",25,"yes","CTmax","LOE",28,32,0.1,"constant",7,0.3,NA,NA,NA,NA,NA,NA,33,8.25,12,NA,"fed",NA,NA,"age_tested was taken as the age of the larvae before acclimation (7-10 days) + the duration of acclimation (7 days)",42.56,1.272792206,18,42.82,1.654629868,18,"sd","Data taken from table. SE was converted to SD.","no",4,1,41.296,41.874,0.7721606048,0.958836795,34.7305550080109,35.5255067975217,0.780377538847258,0.739974322059287,"no",1.272792206,1.654629868,0.0649999999999995,0.0151312499990696,8.12947681157917,"no","oryzias melastigma","Oryzias_melastigma",179491,"Oryzias_melastigma"
"SB",842,56,53,181,194,483,732,"Treatments re-used in stepwise comparisons","Tab2",NA,NA,"published",NA,"peer-reviewed","Li_et_al_2015","Temperature-dependent physiological and biochemical responses of the marine medaka Oryzias melastigma with consideration of both low and high thermal extremes",2015,"Journal of Thermal Biology",NA,"http://dx.doi.org/10.1016/j.jtherbio.2014.09.011","Li, Adela J., Priscilla TY Leung, Vivien WW Bao, Gilbert CS Lui, and Kenneth MY Leung. ""Temperature-dependent physiological and biochemical responses of the marine medaka Oryzias melastigma with consideration of both low and high thermal extremes."" Journal of thermal biology 54 (2015): 98-105.","Chordata","Actinopterygii","Beloniformes","Adrianichthyidae","Oryzias","melastigma","Oryzias melastigma",0.424366872,"Dhillon_and_Fox_2004","aquatic","fish","oviparous","juvenile","juvenile","no","mobile",NA,NA,"A","lab",NA,NA,NA,NA,NA,4.75,7.8e-05,15.5,"unknown",25,"yes","CTmax","LOE",15,20,0.1,"constant",7,0.3,NA,NA,NA,NA,NA,NA,33,8.25,12,NA,"fed",NA,NA,"age_tested was taken as the age of the larvae before acclimation (7-10 days) + the duration of acclimation (7 days)",40.92,0.509116882,18,40.53,0.509116882,18,"sd","Data taken from table. SE was converted to SD.","no",4,1,41.296,41.874,0.7721606048,0.958836795,34.7305550080109,35.5255067975217,0.780377538847258,0.739974322059287,"no",0.509116882,0.509116882,-0.0780000000000001,0.00115199999794401,29.4627825757308,"no","oryzias melastigma","Oryzias_melastigma",179491,"Oryzias_melastigma"
"SB",841,56,53,181,194,483,731,"Treatments re-used in stepwise comparisons","Tab2",NA,NA,"published",NA,"peer-reviewed","Li_et_al_2015","Temperature-dependent physiological and biochemical responses of the marine medaka Oryzias melastigma with consideration of both low and high thermal extremes",2015,"Journal of Thermal Biology",NA,"http://dx.doi.org/10.1016/j.jtherbio.2014.09.011","Li, Adela J., Priscilla TY Leung, Vivien WW Bao, Gilbert CS Lui, and Kenneth MY Leung. ""Temperature-dependent physiological and biochemical responses of the marine medaka Oryzias melastigma with consideration of both low and high thermal extremes."" Journal of thermal biology 54 (2015): 98-105.","Chordata","Actinopterygii","Beloniformes","Adrianichthyidae","Oryzias","melastigma","Oryzias melastigma",0.424366872,"Dhillon_and_Fox_2004","aquatic","fish","oviparous","juvenile","juvenile","no","mobile",NA,NA,"A","lab",NA,NA,NA,NA,NA,4.75,7.8e-05,15.5,"unknown",25,"yes","CTmax","LOE",13,15,0.1,"constant",7,0.3,NA,NA,NA,NA,NA,NA,33,8.25,12,NA,"fed",NA,NA,"age_tested was taken as the age of the larvae before acclimation (7-10 days) + the duration of acclimation (7 days)",39.93,0.721248917,18,40.92,0.509116882,18,"sd","Data taken from table. SE was converted to SD.","no",4,1,41.296,41.874,0.7721606048,0.958836795,34.7305550080109,35.5255067975217,0.780377538847258,0.739974322059287,"no",0.721248917,0.509116882,0.495000000000001,0.010824999997376,9.61138662780915,"no","oryzias melastigma","Oryzias_melastigma",179491,"Oryzias_melastigma"
"SB/PP",843,56,53,181,194,483,733,"Treatments re-used in stepwise comparisons","Tab2",NA,NA,"published",NA,"peer-reviewed","Li_et_al_2015","Temperature-dependent physiological and biochemical responses of the marine medaka Oryzias melastigma with consideration of both low and high thermal extremes",2015,"Journal of Thermal Biology",NA,"http://dx.doi.org/10.1016/j.jtherbio.2014.09.011","Li, Adela J., Priscilla TY Leung, Vivien WW Bao, Gilbert CS Lui, and Kenneth MY Leung. ""Temperature-dependent physiological and biochemical responses of the marine medaka Oryzias melastigma with consideration of both low and high thermal extremes."" Journal of thermal biology 54 (2015): 98-105.","Chordata","Actinopterygii","Beloniformes","Adrianichthyidae","Oryzias","melastigma","Oryzias melastigma",0.424366872,"Dhillon_and_Fox_2004","aquatic","fish","oviparous","juvenile","juvenile","no","mobile",NA,NA,"A","lab",NA,NA,NA,NA,NA,4.75,7.8e-05,15.5,"unknown",25,"no","CTmax","LOE",20,25,0.1,"constant",7,0.3,NA,NA,NA,NA,NA,NA,33,8.25,12,NA,"fed","Treatments were acclimated for different durations.",NA,"age_tested was taken as the age of the larvae before acclimation (7-10 days) + the duration of acclimation (7 days). Animals acclimated to 25C were acclimated for longer because it was the housing_temp.",40.53,0.509116882,18,42.54,0.848528137,18,"sd","Data taken from table. SE was converted to SD.","no",4,1,41.296,41.874,0.7721606048,0.958836795,34.7305550080109,35.5255067975217,0.780377538847258,0.739974322059287,"no",0.509116882,0.848528137,0.402,0.00217599999737354,21.4373231557512,"no","oryzias melastigma","Oryzias_melastigma",179491,"Oryzias_melastigma"
"PP",323,65,61,62,64,174,249,"Treatments re-used in stepwise comparisons.","Fig1",NA,"035_Mitchell_1993_Fig1","published",NA,"peer-reviewed","Mitchell_et_al_1993","Critical thermal limits and temperature tolerance in the harvester termite Hodotermes mossambicus (Hagen)",1993,"Journal of Insect Physiology",NA,"https://doi.org/10.1016/0022-1910(93)90085-6","Mitchell, Jannette D., P. H. Hewitt, and TC De K. Van Der Linde. ""Critical thermal limits and temperature tolerance in the harvester termite Hodotermes mossambicus (Hagen)."" Journal of Insect Physiology 39, no. 6 (1993): 523-528.","Arthropoda","Insecta","Blattodea","Hodotermitidae","Hodotermes","mossambicus","Hodotermes mossambicus",NA,NA,"terrestrial","terrestrial invertebrate","oviparous","juvenile","juvenile","no","mobile",NA,NA,"A","lab",NA,NA,NA,NA,NA,NA,0.00592,NA,"unknown",30,"no","CTmax","other",30,35,NA,"constant",15,1,NA,NA,NA,NA,NA,NA,NA,NA,NA,NA,NA,"Treatments were acclimated for different durations. Sample size possibly under- or over-estimated.",NA,"Data for large larvae. Coordinates not reported because too vague (e.g. 29”S, 26”E). Endpoint was ""when locomotion ceased"". Animals acclimated to 30C were acclimated for longer durations because 30C was the housing temperature.",45.16129,0.8064516,81,46.82258,0.2903226,81,"sd","Data digitised from figure. The data for minor and major workers in Fig. 1 were excluded because developmental acclimation was confounded with adult acclimation. Sample sizes were taken as the median number of individuals used (9-18) * the number of colonies used (6) = 81 individuals.","no",4,1,44.649195,45.185485,0.5282258,0.49596775,34.7305550080109,35.5255067975217,0.780377538847258,0.739974322059287,"no",0.8064516,0.2903226,0.332258,0.000362790812451022,52.5015179243528,"no","hodotermes mossambicus","Hodotermes_mossambicus",973344,"Hodotermes_mossambicus"
"PP",320,65,61,62,64,174,246,"Treatments re-used in stepwise comparisons.","Fig1",NA,"035_Mitchell_1993_Fig1","published",NA,"peer-reviewed","Mitchell_et_al_1993","Critical thermal limits and temperature tolerance in the harvester termite Hodotermes mossambicus (Hagen)",1993,"Journal of Insect Physiology",NA,"https://doi.org/10.1016/0022-1910(93)90085-6","Mitchell, Jannette D., P. H. Hewitt, and TC De K. Van Der Linde. ""Critical thermal limits and temperature tolerance in the harvester termite Hodotermes mossambicus (Hagen)."" Journal of Insect Physiology 39, no. 6 (1993): 523-528.","Arthropoda","Insecta","Blattodea","Hodotermitidae","Hodotermes","mossambicus","Hodotermes mossambicus",NA,NA,"terrestrial","terrestrial invertebrate","oviparous","juvenile","juvenile","no","mobile",NA,NA,"A","lab",NA,NA,NA,NA,NA,NA,0.00592,NA,"unknown",30,"no","CTmax","other",15,20,NA,"constant",15,1,NA,NA,NA,NA,NA,NA,NA,NA,NA,NA,NA,NA,NA,"Data for large larvae. Coordinates not reported because too vague (e.g. 29”S, 26”E). Endpoint was ""when locomotion ceased"".",44.67742,0.4193548,81,43.70968,0.4354839,81,"sd","Data digitised from figure. The data for minor and major workers in Fig. 1 were excluded because developmental acclimation was confounded with adult acclimation. Sample sizes were taken as the median number of individuals used (9-18) * the number of colonies used (6) = 81 individuals.","no",4,1,44.649195,45.185485,0.5282258,0.49596775,34.7305550080109,35.5255067975217,0.780377538847258,0.739974322059287,"no",0.4193548,0.4354839,-0.193548,0.000180496136020864,74.4330894585394,"no","hodotermes mossambicus","Hodotermes_mossambicus",973344,"Hodotermes_mossambicus"
"PP",321,65,61,62,64,174,247,"Treatments re-used in stepwise comparisons.","Fig1",NA,"035_Mitchell_1993_Fig1","published",NA,"peer-reviewed","Mitchell_et_al_1993","Critical thermal limits and temperature tolerance in the harvester termite Hodotermes mossambicus (Hagen)",1993,"Journal of Insect Physiology",NA,"https://doi.org/10.1016/0022-1910(93)90085-6","Mitchell, Jannette D., P. H. Hewitt, and TC De K. Van Der Linde. ""Critical thermal limits and temperature tolerance in the harvester termite Hodotermes mossambicus (Hagen)."" Journal of Insect Physiology 39, no. 6 (1993): 523-528.","Arthropoda","Insecta","Blattodea","Hodotermitidae","Hodotermes","mossambicus","Hodotermes mossambicus",NA,NA,"terrestrial","terrestrial invertebrate","oviparous","juvenile","juvenile","no","mobile",NA,NA,"A","lab",NA,NA,NA,NA,NA,NA,0.00592,NA,"unknown",30,"no","CTmax","other",20,25,NA,"constant",15,1,NA,NA,NA,NA,NA,NA,NA,NA,NA,NA,NA,NA,NA,"Data for large larvae. Coordinates not reported because too vague (e.g. 29”S, 26”E). Endpoint was ""when locomotion ceased"".",43.70968,0.4354839,81,45.04839,0.4516129,81,"sd","Data digitised from figure. The data for minor and major workers in Fig. 1 were excluded because developmental acclimation was confounded with adult acclimation. Sample sizes were taken as the median number of individuals used (9-18) * the number of colonies used (6) = 81 individuals.","no",4,1,44.649195,45.185485,0.5282258,0.49596775,34.7305550080109,35.5255067975217,0.780377538847258,0.739974322059287,"no",0.4354839,0.4516129,0.267742,0.000194370586965738,71.7273402551873,"no","hodotermes mossambicus","Hodotermes_mossambicus",973344,"Hodotermes_mossambicus"
"PP",322,65,61,62,64,174,248,"Treatments re-used in stepwise comparisons.","Fig1",NA,"035_Mitchell_1993_Fig1","published",NA,"peer-reviewed","Mitchell_et_al_1993","Critical thermal limits and temperature tolerance in the harvester termite Hodotermes mossambicus (Hagen)",1993,"Journal of Insect Physiology",NA,"https://doi.org/10.1016/0022-1910(93)90085-6","Mitchell, Jannette D., P. H. Hewitt, and TC De K. Van Der Linde. ""Critical thermal limits and temperature tolerance in the harvester termite Hodotermes mossambicus (Hagen)."" Journal of Insect Physiology 39, no. 6 (1993): 523-528.","Arthropoda","Insecta","Blattodea","Hodotermitidae","Hodotermes","mossambicus","Hodotermes mossambicus",NA,NA,"terrestrial","terrestrial invertebrate","oviparous","juvenile","juvenile","no","mobile",NA,NA,"A","lab",NA,NA,NA,NA,NA,NA,0.00592,NA,"unknown",30,"no","CTmax","other",25,30,NA,"constant",15,1,NA,NA,NA,NA,NA,NA,NA,NA,NA,NA,NA,"Treatments were acclimated for different durations. Sample size possibly under- or over-estimated.",NA,"Data for large larvae. Coordinates not reported because too vague (e.g. 29”S, 26”E). Endpoint was ""when locomotion ceased"". Animals acclimated to 30C were acclimated for longer durations because 30C was the housing temperature.",45.04839,0.4516129,81,45.16129,0.8064516,81,"sd","Data digitised from figure. The data for minor and major workers in Fig. 1 were excluded because developmental acclimation was confounded with adult acclimation. Sample sizes were taken as the median number of individuals used (9-18) * the number of colonies used (6) = 81 individuals.","no",4,1,44.649195,45.185485,0.5282258,0.49596775,34.7305550080109,35.5255067975217,0.780377538847258,0.739974322059287,"no",0.4516129,0.8064516,0.0225800000000007,0.000421885626957516,48.6858363660218,"no","hodotermes mossambicus","Hodotermes_mossambicus",973344,"Hodotermes_mossambicus"
"PP",325,66,62,63,65,176,251,NA,"dataset","http://dx.doi.org/10.5061/dryad.t5453",NA,"published",NA,"peer-reviewed","Moyano_et_al_2017","Effects of warming rate, acclimation temperature and ontogeny on the critical thermal maximum of temperate marine fish larvae",2017,"Plos One",NA,"https://doi.org/10.1371/journal.pone.0179928","Moyano, Marta, Caroline Candebat, Yannick Ruhbaum, Santiago Alvarez-Fernandez, Guy Claireaux, Jose-Luis Zambonino-Infante, and Myron A. Peck. ""Effects of warming rate, acclimation temperature and ontogeny on the critical thermal maximum of temperate marine fish larvae."" PLoS One 12, no. 7 (2017): e0179928.","Chordata","Actinopterygii","Clupeiformes","Clupeidae","Clupea","harengus","Clupea harengus",2.997946612,"Age","aquatic","fish","oviparous","juvenile","juvenile","no","mobile",NA,NA,"A","lab",NA,NA,NA,NA,NA,11.55,NA,17,"unknown",9,"yes","CTmax","LOE",7.55,12.75,0.325,"constant",8,0.016666667,NA,NA,NA,NA,NA,NA,16.45,NA,14,NA,NA,"Animals were of a different age when tested.",NA,"Animals in different acclimation treatments were tested at different ages. We only took the comparisons where the age of the animals tested were relatively close (20-14 dph and 45-43 dph) to reduce the age bias. The age and body length were averaged between acclimation treatments. The duration of acclimation was the mean age of the animals minus the 9 days it took for experimenters to reach the acclimation temperatures. Acclimation temperatures and salinities were averaged between treatments.",19.32857,3.4291468,7,25.43333,1.0259142,9,"sd","Data calculated from the raw data. Comparisons between certain age groups were not included because judged to the difference in age between acclimation treatments was judged too important.","no",1,1,22.1407871428571,25.25258,2.48894625714286,0.977284871428572,34.7305550080109,35.5255067975217,0.780377538847258,0.739974322059287,"no",3.4291468,1.0259142,1.17399230769231,0.0664500150299871,3.87929188773744,"no","clupea harengus","Clupea_harengus",1005932,"Clupea_harengus"
"PP",327,66,62,63,65,178,253,NA,"dataset","http://dx.doi.org/10.5061/dryad.t5453",NA,"published",NA,"peer-reviewed","Moyano_et_al_2017","Effects of warming rate, acclimation temperature and ontogeny on the critical thermal maximum of temperate marine fish larvae",2017,"Plos One",NA,"https://doi.org/10.1371/journal.pone.0179928","Moyano, Marta, Caroline Candebat, Yannick Ruhbaum, Santiago Alvarez-Fernandez, Guy Claireaux, Jose-Luis Zambonino-Infante, and Myron A. Peck. ""Effects of warming rate, acclimation temperature and ontogeny on the critical thermal maximum of temperate marine fish larvae."" PLoS One 12, no. 7 (2017): e0179928.","Chordata","Actinopterygii","Clupeiformes","Clupeidae","Clupea","harengus","Clupea harengus",2.997946612,"Age","aquatic","fish","oviparous","juvenile","juvenile","no","mobile",NA,NA,"A","lab",NA,NA,NA,NA,NA,11.55,NA,17,"unknown",9,"yes","CTmax","LOE",7.55,12.75,0.325,"constant",8,0.066666667,NA,NA,NA,NA,NA,NA,16.45,NA,14,NA,NA,"Animals were of a different age when tested.",NA,"Animals in different acclimation treatments were tested at different ages. We only took the comparisons where the age of the animals tested were relatively close (20-14 dph and 45-43 dph) to reduce the age bias. The age and body length were averaged between acclimation treatments. The duration of acclimation was the mean age of the animals minus the 9 days it took for experimenters to reach the acclimation temperatures. Acclimation temperatures and salinities were averaged between treatments.",24.5,1.146423,8,26.36667,0.3354102,9,"sd","Data calculated from the raw data. Comparisons between certain age groups were not included because judged to the difference in age between acclimation treatments was judged too important.","no",1,1,22.1407871428571,25.25258,2.48894625714286,0.977284871428572,34.7305550080109,35.5255067975217,0.780377538847258,0.739974322059287,"no",1.146423,0.3354102,0.358975,0.00653793314044693,12.3674385880544,"no","clupea harengus","Clupea_harengus",1005932,"Clupea_harengus"
"PP",330,66,62,63,65,181,256,NA,"dataset","http://dx.doi.org/10.5061/dryad.t5453",NA,"published",NA,"peer-reviewed","Moyano_et_al_2017","Effects of warming rate, acclimation temperature and ontogeny on the critical thermal maximum of temperate marine fish larvae",2017,"Plos One",NA,"https://doi.org/10.1371/journal.pone.0179928","Moyano, Marta, Caroline Candebat, Yannick Ruhbaum, Santiago Alvarez-Fernandez, Guy Claireaux, Jose-Luis Zambonino-Infante, and Myron A. Peck. ""Effects of warming rate, acclimation temperature and ontogeny on the critical thermal maximum of temperate marine fish larvae."" PLoS One 12, no. 7 (2017): e0179928.","Chordata","Actinopterygii","Clupeiformes","Clupeidae","Clupea","harengus","Clupea harengus",2.997946612,"Age","aquatic","fish","oviparous","juvenile","juvenile","no","mobile",NA,NA,"A","lab",NA,NA,NA,NA,NA,17.8,NA,44,"unknown",9,"yes","CTmax","LOE",7.55,12.75,0.325,"constant",35,0.033333333,NA,NA,NA,NA,NA,NA,16.45,NA,14,NA,NA,"Animals were of a different age when tested.",NA,"Animals in different acclimation treatments were tested at different ages. We only took the comparisons where the age of the animals tested were relatively close (20-14 dph and 45-43 dph) to reduce the age bias. The age and body length were averaged between acclimation treatments. The duration of acclimation was the mean age of the animals minus the 9 days it took for experimenters to reach the acclimation temperatures. Acclimation temperatures and salinities were averaged between treatments.",22.9125,1.7884051,8,24.8625,1.0239106,8,"sd","Data calculated from the raw data. Comparisons between certain age groups were not included because judged to the difference in age between acclimation treatments was judged too important.","no",1,1,22.1407871428571,25.25258,2.48894625714286,0.977284871428572,34.7305550080109,35.5255067975217,0.780377538847258,0.739974322059287,"no",1.7884051,1.0239106,0.375,0.0196319606069636,7.13704052974812,"no","clupea harengus","Clupea_harengus",1005932,"Clupea_harengus"
"PP",326,66,62,63,65,177,252,NA,"dataset","http://dx.doi.org/10.5061/dryad.t5453",NA,"published",NA,"peer-reviewed","Moyano_et_al_2017","Effects of warming rate, acclimation temperature and ontogeny on the critical thermal maximum of temperate marine fish larvae",2017,"Plos One",NA,"https://doi.org/10.1371/journal.pone.0179928","Moyano, Marta, Caroline Candebat, Yannick Ruhbaum, Santiago Alvarez-Fernandez, Guy Claireaux, Jose-Luis Zambonino-Infante, and Myron A. Peck. ""Effects of warming rate, acclimation temperature and ontogeny on the critical thermal maximum of temperate marine fish larvae."" PLoS One 12, no. 7 (2017): e0179928.","Chordata","Actinopterygii","Clupeiformes","Clupeidae","Clupea","harengus","Clupea harengus",2.997946612,"Age","aquatic","fish","oviparous","juvenile","juvenile","no","mobile",NA,NA,"A","lab",NA,NA,NA,NA,NA,11.55,NA,17,"unknown",9,"yes","CTmax","LOE",7.55,12.75,0.325,"constant",8,0.033333333,NA,NA,NA,NA,NA,NA,16.45,NA,14,NA,NA,"Animals were of a different age when tested.",NA,"Animals in different acclimation treatments were tested at different ages. We only took the comparisons where the age of the animals tested were relatively close (20-14 dph and 45-43 dph) to reduce the age bias. The age and body length were averaged between acclimation treatments. The duration of acclimation was the mean age of the animals minus the 9 days it took for experimenters to reach the acclimation temperatures. Acclimation temperatures and salinities were averaged between treatments.",19.34444,3.6678029,9,25.18889,0.8781293,9,"sd","Data calculated from the raw data. Comparisons between certain age groups were not included because judged to the difference in age between acclimation treatments was judged too important.","no",1,1,22.1407871428571,25.25258,2.48894625714286,0.977284871428572,34.7305550080109,35.5255067975217,0.780377538847258,0.739974322059287,"no",3.6678029,0.8781293,1.12393269230769,0.0584479338460178,4.13633227138054,"no","clupea harengus","Clupea_harengus",1005932,"Clupea_harengus"
"PP",324,66,62,63,65,175,250,NA,"dataset","http://dx.doi.org/10.5061/dryad.t5453",NA,"published",NA,"peer-reviewed","Moyano_et_al_2017","Effects of warming rate, acclimation temperature and ontogeny on the critical thermal maximum of temperate marine fish larvae",2017,"Plos One",NA,"https://doi.org/10.1371/journal.pone.0179928","Moyano, Marta, Caroline Candebat, Yannick Ruhbaum, Santiago Alvarez-Fernandez, Guy Claireaux, Jose-Luis Zambonino-Infante, and Myron A. Peck. ""Effects of warming rate, acclimation temperature and ontogeny on the critical thermal maximum of temperate marine fish larvae."" PLoS One 12, no. 7 (2017): e0179928.","Chordata","Actinopterygii","Clupeiformes","Clupeidae","Clupea","harengus","Clupea harengus",2.997946612,"Age","aquatic","fish","oviparous","juvenile","juvenile","no","mobile",NA,NA,"A","lab",NA,NA,NA,NA,NA,11.55,NA,17,"unknown",9,"yes","CTmax","LOE",7.55,12.75,0.325,"constant",8,0.008333333,NA,NA,NA,NA,NA,NA,16.45,NA,14,NA,NA,"Animals were of a different age when tested.",NA,"Animals in different acclimation treatments were tested at different ages. We only took the comparisons where the age of the animals tested were relatively close (20-14 dph and 45-43 dph) to reduce the age bias. The age and body length were averaged between acclimation treatments. The duration of acclimation was the mean age of the animals minus the 9 days it took for experimenters to reach the acclimation temperatures. Acclimation temperatures and salinities were averaged between treatments.",21.2,4.494441,9,24.7,1.2288206,9,"sd","Data calculated from the raw data. Comparisons between certain age groups were not included because judged to the difference in age between acclimation treatments was judged too important.","no",1,1,22.1407871428571,25.25258,2.48894625714286,0.977284871428572,34.7305550080109,35.5255067975217,0.780377538847258,0.739974322059287,"no",4.494441,1.2288206,0.673076923076923,0.0892094015839306,3.34807121401104,"no","clupea harengus","Clupea_harengus",1005932,"Clupea_harengus"
"PP",328,66,62,63,65,179,254,NA,"dataset","http://dx.doi.org/10.5061/dryad.t5453",NA,"published",NA,"peer-reviewed","Moyano_et_al_2017","Effects of warming rate, acclimation temperature and ontogeny on the critical thermal maximum of temperate marine fish larvae",2017,"Plos One",NA,"https://doi.org/10.1371/journal.pone.0179928","Moyano, Marta, Caroline Candebat, Yannick Ruhbaum, Santiago Alvarez-Fernandez, Guy Claireaux, Jose-Luis Zambonino-Infante, and Myron A. Peck. ""Effects of warming rate, acclimation temperature and ontogeny on the critical thermal maximum of temperate marine fish larvae."" PLoS One 12, no. 7 (2017): e0179928.","Chordata","Actinopterygii","Clupeiformes","Clupeidae","Clupea","harengus","Clupea harengus",2.997946612,"Age","aquatic","fish","oviparous","juvenile","juvenile","no","mobile",NA,NA,"A","lab",NA,NA,NA,NA,NA,11.55,NA,17,"unknown",9,"yes","CTmax","LOE",7.55,12.75,0.325,"constant",8,0.133333333,NA,NA,NA,NA,NA,NA,16.45,NA,14,NA,NA,"Animals were of a different age when tested.",NA,"Animals in different acclimation treatments were tested at different ages. We only took the comparisons where the age of the animals tested were relatively close (20-14 dph and 45-43 dph) to reduce the age bias. The age and body length were averaged between acclimation treatments. The duration of acclimation was the mean age of the animals minus the 9 days it took for experimenters to reach the acclimation temperatures. Acclimation temperatures and salinities were averaged between treatments.",25.1375,1.3978938,8,26.56667,0.1,9,"sd","Data calculated from the raw data. Comparisons between certain age groups were not included because judged to the difference in age between acclimation treatments was judged too important.","no",1,1,22.1407871428571,25.25258,2.48894625714286,0.977284871428572,34.7305550080109,35.5255067975217,0.780377538847258,0.739974322059287,"no",1.3978938,0.1,0.274840384615384,0.0090745005776966,10.4975664806358,"no","clupea harengus","Clupea_harengus",1005932,"Clupea_harengus"
"PP",329,66,62,63,65,180,255,NA,"dataset","http://dx.doi.org/10.5061/dryad.t5453",NA,"published",NA,"peer-reviewed","Moyano_et_al_2017","Effects of warming rate, acclimation temperature and ontogeny on the critical thermal maximum of temperate marine fish larvae",2017,"Plos One",NA,"https://doi.org/10.1371/journal.pone.0179928","Moyano, Marta, Caroline Candebat, Yannick Ruhbaum, Santiago Alvarez-Fernandez, Guy Claireaux, Jose-Luis Zambonino-Infante, and Myron A. Peck. ""Effects of warming rate, acclimation temperature and ontogeny on the critical thermal maximum of temperate marine fish larvae."" PLoS One 12, no. 7 (2017): e0179928.","Chordata","Actinopterygii","Clupeiformes","Clupeidae","Clupea","harengus","Clupea harengus",2.997946612,"Age","aquatic","fish","oviparous","juvenile","juvenile","no","mobile",NA,NA,"A","lab",NA,NA,NA,NA,NA,17.8,NA,44,"unknown",9,"yes","CTmax","LOE",7.55,12.75,0.325,"constant",35,0.016666667,NA,NA,NA,NA,NA,NA,16.45,NA,14,NA,NA,"Animals were of a different age when tested.",NA,"Animals in different acclimation treatments were tested at different ages. We only took the comparisons where the age of the animals tested were relatively close (20-14 dph and 45-43 dph) to reduce the age bias. The age and body length were averaged between acclimation treatments. The duration of acclimation was the mean age of the animals minus the 9 days it took for experimenters to reach the acclimation temperatures. Acclimation temperatures and salinities were averaged between treatments.",22.5625,1.4985112,8,23.65,2.2488092,8,"sd","Data calculated from the raw data. Comparisons between certain age groups were not included because judged to the difference in age between acclimation treatments was judged too important.","no",1,1,22.1407871428571,25.25258,2.48894625714286,0.977284871428572,34.7305550080109,35.5255067975217,0.780377538847258,0.739974322059287,"no",1.4985112,2.2488092,0.209134615384615,0.0337586845161339,5.44261034104306,"no","clupea harengus","Clupea_harengus",1005932,"Clupea_harengus"
"PP",334,67,63,64,66,183,260,"Treatments were re-used in stepwise comparisons.","Fig5B",NA,"036_Mueller_2019_Fig5B","published",NA,"peer-reviewed","Mueller_et_al_2019","Immediate and Persistent Effects of Temperature on Oxygen Consumption and Thermal Tolerance in Embryos and Larvae of the Baja California Chorus Frog, Pseudacris hypochondriaca",2019,"Frontiers in Physiology",NA,"10.3389/fphys.2019.00754","Mueller, Casey A., Julie Bucsky, Lindsey Korito, and Samantha Manzanares. ""Immediate and persistent effects of temperature on oxygen consumption and thermal tolerance in embryos and larvae of the Baja California chorus frog, Pseudacris hypochondriaca."" Frontiers in physiology 10 (2019): 754.","Chordata","Amphibia","Anura","Hylidae","Pseudacris","hypochondriaca","Pseudacris hypochondriaca",2,"ADW","aquatic","amphibian","oviparous","embryo_and_juvenile","juvenile","yes","mobile",14,25,"E","lab",33.13288889,-117.1605556,200,"winter",2017,NA,NA,NA,"unknown",NA,"yes","CTmax","LOE",10,15,0.1,"constant",22.418515,0.33,NA,NA,NA,NA,NA,NA,NA,NA,12,NA,NA,"Eggs were collected from the wild.",NA,"Data for the animals re-acclimated to 25C. Eggs were collected from the wild so the early embryonic conditions (before Gosner stage 8-9, ~first 24h post fertilization) were not entirely controlled.  Mobility_life_stage_manip was considered ""mobile"" because incubation spanned both the embryo (immobile) and larval stage (mobile). The season was taken to be ""summer"" because animals were collected between January and March in California (USA). Year was taken as 2017, although animals were collected in both 2017 and 2018. acc_duration was taken as the average time to 50% hatch between treatments (digitised from Fig2B) minus one (the age of the embryos when collected) + 6 (the median time animals were kept as larvae before being brought to a common temperature). The time_common_temperature was taken as 14 days as a conservative estimate because larvae were acclimated ""for a minimum of 2 weeks"".",41.08942,0.5748175,9,39.81204,0.8047445,9,"sd","Data digitised from figure. The sample sizes were taken as the median of the range presented (5-14) = 9.","no",4,1,39.2010333333333,39.26703,1.07299268333333,0.970802916666667,34.7305550080109,35.5255067975217,0.780377538847258,0.739974322059287,"no",0.5748175,0.8047445,-0.255475999999999,0.00434679497149556,15.1675495366555,"no","pseudacris hypochondriaca","Pseudacris_hypochondriaca",3619952,"Pseudacris_hypochondriaca"
"PP",333,67,63,64,66,182,259,"Treatments were re-used in stepwise comparisons.","Fig5B",NA,"036_Mueller_2019_Fig5B","published",NA,"peer-reviewed","Mueller_et_al_2019","Immediate and Persistent Effects of Temperature on Oxygen Consumption and Thermal Tolerance in Embryos and Larvae of the Baja California Chorus Frog, Pseudacris hypochondriaca",2019,"Frontiers in Physiology",NA,"10.3389/fphys.2019.00754","Mueller, Casey A., Julie Bucsky, Lindsey Korito, and Samantha Manzanares. ""Immediate and persistent effects of temperature on oxygen consumption and thermal tolerance in embryos and larvae of the Baja California chorus frog, Pseudacris hypochondriaca."" Frontiers in physiology 10 (2019): 754.","Chordata","Amphibia","Anura","Hylidae","Pseudacris","hypochondriaca","Pseudacris hypochondriaca",2,"ADW","aquatic","amphibian","oviparous","embryo_and_juvenile","juvenile","yes","mobile",14,20,"E","lab",33.13288889,-117.1605556,200,"winter",2017,NA,NA,NA,"unknown",NA,"no","CTmax","LOE",19.91,25.1,0.1,"constant",13.122736,0.33,NA,NA,NA,NA,NA,NA,NA,NA,12,NA,NA,"Eggs were collected from the wild. Treatments were acclimated for different durations.",NA,"Data for the animals re-acclimated to 20C. Eggs were collected from the wild so the early embryonic conditions (before Gosner stage 8-9, ~first 24h post fertilization) were not entirely controlled.  Mobility_life_stage_manip was considered ""mobile"" because incubation spanned both the embryo (immobile) and larval stage (mobile). The season was taken to be ""summer"" because animals were collected between January and March in California (USA). Year was taken as 2017, although animals were collected in both 2017 and 2018. acc_duration was taken as the average time to 50% hatch between treatments (digitised from Fig2B) minus one (the age of the embryos when collected) + 6 (the median time animals were kept as larvae before being brought to a common temperature). The time_common_temperature was taken as 14 days as a conservative estimate because larvae were acclimated ""for a minimum of 2 weeks"". Animals who were first incubated at 20C were acclimated for longer than the animals incubated to 15 or 25C; hence why ""incubation_independent"" was taken as ""no""",37.39781,1.0346715,9,39.46715,0.4981752,9,"sd","Data digitised from figure. The sample sizes were taken as the median of the range presented (5-14) = 9.","no",3,1,39.2010333333333,39.26703,1.07299268333333,0.970802916666667,34.7305550080109,35.5255067975217,0.780377538847258,0.739974322059287,"no",1.0346715,0.4981752,0.39871676300578,0.00543972027133883,13.558502212051,"no","pseudacris hypochondriaca","Pseudacris_hypochondriaca",3619952,"Pseudacris_hypochondriaca"
"PP",335,67,63,64,66,183,261,"Treatments were re-used in stepwise comparisons.","Fig5B",NA,"036_Mueller_2019_Fig5B","published",NA,"peer-reviewed","Mueller_et_al_2019","Immediate and Persistent Effects of Temperature on Oxygen Consumption and Thermal Tolerance in Embryos and Larvae of the Baja California Chorus Frog, Pseudacris hypochondriaca",2019,"Frontiers in Physiology",NA,"10.3389/fphys.2019.00754","Mueller, Casey A., Julie Bucsky, Lindsey Korito, and Samantha Manzanares. ""Immediate and persistent effects of temperature on oxygen consumption and thermal tolerance in embryos and larvae of the Baja California chorus frog, Pseudacris hypochondriaca."" Frontiers in physiology 10 (2019): 754.","Chordata","Amphibia","Anura","Hylidae","Pseudacris","hypochondriaca","Pseudacris hypochondriaca",2,"ADW","aquatic","amphibian","oviparous","embryo_and_juvenile","juvenile","yes","mobile",14,25,"E","lab",33.13288889,-117.1605556,200,"winter",2017,NA,NA,NA,"unknown",NA,"yes","CTmax","LOE",15,19.9,0.1,"constant",15.476863,0.33,NA,NA,NA,NA,NA,NA,NA,NA,12,NA,NA,"Eggs were collected from the wild.",NA,"Data for the animals re-acclimated to 20C. Eggs were collected from the wild so the early embryonic conditions (before Gosner stage 8-9, ~first 24h post fertilization) were not entirely controlled.  Mobility_life_stage_manip was considered ""mobile"" because incubation spanned both the embryo (immobile) and larval stage (mobile). The season was taken to be ""summer"" because animals were collected between January and March in California (USA). Year was taken as 2017, although animals were collected in both 2017 and 2018. acc_duration was taken as the average time to 50% hatch between treatments (digitised from Fig2B) minus one (the age of the embryos when collected) + 6 (the median time animals were kept as larvae before being brought to a common temperature). The time_common_temperature was taken as 14 days as a conservative estimate because larvae were acclimated ""for a minimum of 2 weeks"".",39.81204,0.8047445,9,39.72263,1.1879562,9,"sd","Data digitised from figure. The sample sizes were taken as the median of the range presented (5-14) = 9.","no",4,1,39.2010333333333,39.26703,1.07299268333333,0.970802916666667,34.7305550080109,35.5255067975217,0.780377538847258,0.739974322059287,"no",0.8047445,1.1879562,-0.0182469387755104,0.00952775993057842,10.2448262466206,"no","pseudacris hypochondriaca","Pseudacris_hypochondriaca",3619952,"Pseudacris_hypochondriaca"
"PP",332,67,63,64,66,182,258,"Treatments were re-used in stepwise comparisons.","Fig5B",NA,"036_Mueller_2019_Fig5B","published",NA,"peer-reviewed","Mueller_et_al_2019","Immediate and Persistent Effects of Temperature on Oxygen Consumption and Thermal Tolerance in Embryos and Larvae of the Baja California Chorus Frog, Pseudacris hypochondriaca",2019,"Frontiers in Physiology",NA,"10.3389/fphys.2019.00754","Mueller, Casey A., Julie Bucsky, Lindsey Korito, and Samantha Manzanares. ""Immediate and persistent effects of temperature on oxygen consumption and thermal tolerance in embryos and larvae of the Baja California chorus frog, Pseudacris hypochondriaca."" Frontiers in physiology 10 (2019): 754.","Chordata","Amphibia","Anura","Hylidae","Pseudacris","hypochondriaca","Pseudacris hypochondriaca",2,"ADW","aquatic","amphibian","oviparous","embryo_and_juvenile","juvenile","yes","mobile",14,20,"E","lab",33.13288889,-117.1605556,200,"winter",2017,NA,NA,NA,"unknown",NA,"no","CTmax","LOE",15,19.9,0.1,"constant",15.476863,0.33,NA,NA,NA,NA,NA,NA,NA,NA,12,NA,NA,"Eggs were collected from the wild. Treatments were acclimated for different durations.",NA,"Data for the animals re-acclimated to 20C. Eggs were collected from the wild so the early embryonic conditions (before Gosner stage 8-9, ~first 24h post fertilization) were not entirely controlled.  Mobility_life_stage_manip was considered ""mobile"" because incubation spanned both the embryo (immobile) and larval stage (mobile). The season was taken to be ""summer"" because animals were collected between January and March in California (USA). Year was taken as 2017, although animals were collected in both 2017 and 2018. acc_duration was taken as the average time to 50% hatch between treatments (digitised from Fig2B) minus one (the age of the embryos when collected) + 6 (the median time animals were kept as larvae before being brought to a common temperature). The time_common_temperature was taken as 14 days as a conservative estimate because larvae were acclimated ""for a minimum of 2 weeks"". Animals who were first incubated at 20C were acclimated for longer than the animals incubated to 15 or 25C; hence why ""incubation_independent"" was taken as ""no""",38.4708,1.5328467,9,37.39781,1.0346715,9,"sd","Data digitised from figure. The sample sizes were taken as the median of the range presented (5-14) = 9.","no",3,1,39.2010333333333,39.26703,1.07299268333333,0.970802916666667,34.7305550080109,35.5255067975217,0.780377538847258,0.739974322059287,"no",1.5328467,1.0346715,-0.218977551020408,0.015827498350748,7.94865891797637,"no","pseudacris hypochondriaca","Pseudacris_hypochondriaca",3619952,"Pseudacris_hypochondriaca"
"PP",331,67,63,64,66,182,257,"Treatments were re-used in stepwise comparisons.","Fig5B",NA,"036_Mueller_2019_Fig5B","published",NA,"peer-reviewed","Mueller_et_al_2019","Immediate and Persistent Effects of Temperature on Oxygen Consumption and Thermal Tolerance in Embryos and Larvae of the Baja California Chorus Frog, Pseudacris hypochondriaca",2019,"Frontiers in Physiology",NA,"10.3389/fphys.2019.00754","Mueller, Casey A., Julie Bucsky, Lindsey Korito, and Samantha Manzanares. ""Immediate and persistent effects of temperature on oxygen consumption and thermal tolerance in embryos and larvae of the Baja California chorus frog, Pseudacris hypochondriaca."" Frontiers in physiology 10 (2019): 754.","Chordata","Amphibia","Anura","Hylidae","Pseudacris","hypochondriaca","Pseudacris hypochondriaca",2,"ADW","aquatic","amphibian","oviparous","embryo_and_juvenile","juvenile","yes","mobile",14,20,"E","lab",33.13288889,-117.1605556,200,"winter",2017,NA,NA,NA,"unknown",NA,"yes","CTmax","LOE",10,15,0.1,"constant",22.418515,0.33,NA,NA,NA,NA,NA,NA,NA,NA,12,NA,NA,"Eggs were collected from the wild.",NA,"Data for the animals re-acclimated to 20C. Eggs were collected from the wild so the early embryonic conditions (before Gosner stage 8-9, ~first 24h post fertilization) were not entirely controlled.  Mobility_life_stage_manip was considered ""mobile"" because incubation spanned both the embryo (immobile) and larval stage (mobile). The season was taken to be ""summer"" because animals were collected between January and March in California (USA). Year was taken as 2017, although animals were collected in both 2017 and 2018. acc_duration was taken as the average time to 50% hatch between treatments (digitised from Fig2B) minus one (the age of the embryos when collected) + 6 (the median time animals were kept as larvae before being brought to a common temperature). The time_common_temperature was taken as 14 days as a conservative estimate because larvae were acclimated ""for a minimum of 2 weeks"".",38.7135,1.3029197,9,38.4708,1.5328467,9,"sd","Data digitised from figure. The sample sizes were taken as the median of the range presented (5-14) = 9.","no",3,1,39.2010333333333,39.26703,1.07299268333333,0.970802916666667,34.7305550080109,35.5255067975217,0.780377538847258,0.739974322059287,"no",1.3029197,1.5328467,-0.0485400000000013,0.0179876388904399,7.45612052920561,"no","pseudacris hypochondriaca","Pseudacris_hypochondriaca",3619952,"Pseudacris_hypochondriaca"
"PP",336,67,63,64,66,183,262,"Treatments were re-used in stepwise comparisons.","Fig5B",NA,"036_Mueller_2019_Fig5B","published",NA,"peer-reviewed","Mueller_et_al_2019","Immediate and Persistent Effects of Temperature on Oxygen Consumption and Thermal Tolerance in Embryos and Larvae of the Baja California Chorus Frog, Pseudacris hypochondriaca",2019,"Frontiers in Physiology",NA,"10.3389/fphys.2019.00754","Mueller, Casey A., Julie Bucsky, Lindsey Korito, and Samantha Manzanares. ""Immediate and persistent effects of temperature on oxygen consumption and thermal tolerance in embryos and larvae of the Baja California chorus frog, Pseudacris hypochondriaca."" Frontiers in physiology 10 (2019): 754.","Chordata","Amphibia","Anura","Hylidae","Pseudacris","hypochondriaca","Pseudacris hypochondriaca",2,"ADW","aquatic","amphibian","oviparous","embryo_and_juvenile","juvenile","yes","mobile",14,25,"E","lab",33.13288889,-117.1605556,200,"winter",2017,NA,NA,NA,"unknown",NA,"no","CTmax","LOE",19.91,25.1,0.1,"constant",13.122736,0.33,NA,NA,NA,NA,NA,NA,NA,NA,12,NA,NA,"Eggs were collected from the wild. Treatments were acclimated for different durations.",NA,"Data for the animals re-acclimated to 20C. Eggs were collected from the wild so the early embryonic conditions (before Gosner stage 8-9, ~first 24h post fertilization) were not entirely controlled.  Mobility_life_stage_manip was considered ""mobile"" because incubation spanned both the embryo (immobile) and larval stage (mobile). The season was taken to be ""summer"" because animals were collected between January and March in California (USA). Year was taken as 2017, although animals were collected in both 2017 and 2018. acc_duration was taken as the average time to 50% hatch between treatments (digitised from Fig2B) minus one (the age of the embryos when collected) + 6 (the median time animals were kept as larvae before being brought to a common temperature). The time_common_temperature was taken as 14 days as a conservative estimate because larvae were acclimated ""for a minimum of 2 weeks"". Animals who were first incubated at 25C were acclimated for longer than the animals incubated to 20C; hence why ""incubation_independent"" was taken as ""no""",39.72263,1.1879562,9,40.73175,0.7664234,9,"sd","Data digitised from figure. The sample sizes were taken as the median of the range presented (5-14) = 9.","no",4,1,39.2010333333333,39.26703,1.07299268333333,0.970802916666667,34.7305550080109,35.5255067975217,0.780377538847258,0.739974322059287,"no",1.1879562,0.7664234,0.194435452793833,0.00824438727699176,11.0133846570033,"no","pseudacris hypochondriaca","Pseudacris_hypochondriaca",3619952,"Pseudacris_hypochondriaca"
"RZ",983,74,67,218,236,553,855,"Treatments re-used in stepwise comparisons","Tab1",NA,NA,"published",NA,"peer-reviewed","Noyola_et_al_2013","Thermopreference, tolerance and metabolic rate of early stages juvenile Octopus maya acclimated to different temperatures",2013,"Journal of Thermal Biology",NA,"http://dx.doi.org/10.1016/j.jtherbio.2012.09.001","Noyola, Javier, Claudia Caamal-Monsreal, Fernando Díaz, Denisse Re, Adolfo Sanchez, and Carlos Rosas. ""Thermopreference, tolerance and metabolic rate of early stages juvenile Octopus maya acclimated to different temperatures."" Journal of thermal biology 38, no. 1 (2013): 14-19.","Mollusca","Cephalopoda","Octopoda","Octopodidae","Octopus","maya","Octopus maya",0.708333333,"Van_Heukelem_1977","aquatic","aquatic invertebrate","oviparous","juvenile","juvenile","no","mobile",NA,NA,"A","lab",NA,NA,NA,NA,NA,NA,NA,50,"unknown",25,"yes","CTmax","other",26,30,1,"fluctuating",20,1,NA,NA,NA,NA,NA,6.7,35,NA,NA,NA,NA,NA,NA,"""ink release"" was the endpoint of CTmax. Organism age was estimated with the assumption that CTmax trials occurred immediately after the 20 day acclimation period. Oxygen and salinity parameters during CTmax testing were assumed to be the same as those during the acclimation period.",34.8,0.577230025,32,36.5,2.886150127,32,"sd","Data taken from table. 95% confidence intervals were converted to SE by dividing them by 1.96 and SE was converted to SD.","no",3,1,33.1,34.6666666666667,2.21271509766667,2.020305089,34.7305550080109,35.5255067975217,0.780377538847258,0.739974322059287,"no",0.577230025,2.886150127,0.425000000000001,0.0169200333151243,7.68775249839959,"no","octopus maya","Octopus_maya",237487,"Octopus_maya"
"RZ",981,74,67,218,236,553,853,"Treatments re-used in stepwise comparisons","Tab1",NA,NA,"published",NA,"peer-reviewed","Noyola_et_al_2013","Thermopreference, tolerance and metabolic rate of early stages juvenile Octopus maya acclimated to different temperatures",2013,"Journal of Thermal Biology",NA,"http://dx.doi.org/10.1016/j.jtherbio.2012.09.001","Noyola, Javier, Claudia Caamal-Monsreal, Fernando Díaz, Denisse Re, Adolfo Sanchez, and Carlos Rosas. ""Thermopreference, tolerance and metabolic rate of early stages juvenile Octopus maya acclimated to different temperatures."" Journal of thermal biology 38, no. 1 (2013): 14-19.","Mollusca","Cephalopoda","Octopoda","Octopodidae","Octopus","maya","Octopus maya",0.708333333,"Van_Heukelem_1977","aquatic","aquatic invertebrate","oviparous","juvenile","juvenile","no","mobile",NA,NA,"A","lab",NA,NA,NA,NA,NA,NA,NA,50,"unknown",25,"yes","CTmax","other",18,22,1,"fluctuating",20,1,NA,NA,NA,NA,NA,6.7,35,NA,NA,NA,NA,NA,NA,"""ink release"" was the endpoint of CTmax. Organism age was estimated with the assumption that CTmax trials occurred immediately after the 20 day acclimation period. Oxygen and salinity parameters during CTmax testing were assumed to be the same as those during the acclimation period.",31.8,3.463380153,32,32.7,2.597535115,32,"sd","Data taken from table. 95% confidence intervals were converted to SE by dividing them by 1.96 and SE was converted to SD.","no",3,1,33.1,34.6666666666667,2.21271509766667,2.020305089,34.7305550080109,35.5255067975217,0.780377538847258,0.739974322059287,"no",3.463380153,2.597535115,0.225000000000001,0.0366058413239304,5.22666666610895,"no","octopus maya","Octopus_maya",237487,"Octopus_maya"
"RZ",982,74,67,218,236,553,854,"Treatments re-used in stepwise comparisons","Tab1",NA,NA,"published",NA,"peer-reviewed","Noyola_et_al_2013","Thermopreference, tolerance and metabolic rate of early stages juvenile Octopus maya acclimated to different temperatures",2013,"Journal of Thermal Biology",NA,"http://dx.doi.org/10.1016/j.jtherbio.2012.09.001","Noyola, Javier, Claudia Caamal-Monsreal, Fernando Díaz, Denisse Re, Adolfo Sanchez, and Carlos Rosas. ""Thermopreference, tolerance and metabolic rate of early stages juvenile Octopus maya acclimated to different temperatures."" Journal of thermal biology 38, no. 1 (2013): 14-19.","Mollusca","Cephalopoda","Octopoda","Octopodidae","Octopus","maya","Octopus maya",0.708333333,"Van_Heukelem_1977","aquatic","aquatic invertebrate","oviparous","juvenile","juvenile","no","mobile",NA,NA,"A","lab",NA,NA,NA,NA,NA,NA,NA,50,"unknown",25,"yes","CTmax","other",22,26,1,"fluctuating",20,1,NA,NA,NA,NA,NA,6.7,35,NA,NA,NA,NA,NA,NA,"""ink release"" was the endpoint of CTmax. Organism age was estimated with the assumption that CTmax trials occurred immediately after the 20 day acclimation period. Oxygen and salinity parameters during CTmax testing were assumed to be the same as those during the acclimation period.",32.7,2.597535115,32,34.8,0.577230025,32,"sd","Data taken from table. 95% confidence intervals were converted to SE by dividing them by 1.96 and SE was converted to SD.","no",3,1,33.1,34.6666666666667,2.21271509766667,2.020305089,34.7305550080109,35.5255067975217,0.780377538847258,0.739974322059287,"no",2.597535115,0.577230025,0.524999999999999,0.0138288733894913,8.50367394544528,"no","octopus maya","Octopus_maya",237487,"Octopus_maya"
"PP",353,75,68,70,75,193,279,"Treatments re-used in stepwise comparisons","Fig1",NA,"041_Opuszynski_1989_Fig1","published",NA,"peer-reviewed","Opuszynski_et_al_1989","Upper lethal and rearing temperatures for juvenile common carp, Cyprinus carpio L., and silver carp, Hypophthalmichthys molitrix (Valenciennes)",1989,"Aquaculture and Fisheries Management",NA,"https://doi.org/10.1111/j.1365-2109.1989.tb00354.x","Opuszy?ski, K., A. Lirski, L. Myszkowski, and J. Wolnicki. ""Upper lethal and rearing temperatures for juvenile common carp, Cyprinus carpio L., and silver carp, Hypophthalmichthys molitrix (Valenciennes)."" Aquaculture Research 20, no. 3 (1989): 287-294.","Chordata","Actinopterygii","Cypriniformes","Cyprinidae","Hypophthalmichthys","molitrix","Hypophthalmichthys molitrix",5,"ADW","aquatic","fish","oviparous","juvenile","juvenile","no","mobile",NA,NA,"A","lab",NA,NA,NA,NA,NA,NA,NA,NA,"unknown",NA,NA,"CTmax","death",31,37,1,"fluctuating",NA,0.1,NA,NA,NA,NA,NA,NA,NA,NA,NA,NA,NA,"Animals were tested at different ages.",NA,"The age of the animals tested ranged from 3 to 28 dph.",41.35309,1.1481373,2,43.01546,1.0934641,2,"sd","Data digitised from figure.","no",3,1,39.6456166666667,41.52706,1.26568143333333,1.1308519,34.7305550080109,35.5255067975217,0.780377538847258,0.739974322059287,"no",1.1481373,1.0934641,0.277061666666666,0.0349150416338903,5.35172412381298,"no","hypophthalmichthys molitrix","Hypophthalmichthys_molitrix",35786,"Hypophthalmichthys_molitrix"
"PP",352,75,68,70,75,193,278,"Treatments re-used in stepwise comparisons","Fig1",NA,"041_Opuszynski_1989_Fig1","published",NA,"peer-reviewed","Opuszynski_et_al_1989","Upper lethal and rearing temperatures for juvenile common carp, Cyprinus carpio L., and silver carp, Hypophthalmichthys molitrix (Valenciennes)",1989,"Aquaculture and Fisheries Management",NA,"https://doi.org/10.1111/j.1365-2109.1989.tb00354.x","Opuszy?ski, K., A. Lirski, L. Myszkowski, and J. Wolnicki. ""Upper lethal and rearing temperatures for juvenile common carp, Cyprinus carpio L., and silver carp, Hypophthalmichthys molitrix (Valenciennes)."" Aquaculture Research 20, no. 3 (1989): 287-294.","Chordata","Actinopterygii","Cypriniformes","Cyprinidae","Hypophthalmichthys","molitrix","Hypophthalmichthys molitrix",5,"ADW","aquatic","fish","oviparous","juvenile","juvenile","no","mobile",NA,NA,"A","lab",NA,NA,NA,NA,NA,NA,NA,NA,"unknown",NA,NA,"CTmax","death",25,31,1,"fluctuating",NA,0.1,NA,NA,NA,NA,NA,NA,NA,NA,NA,NA,NA,"Animals were tested at different ages.",NA,"The age of the animals tested ranged from 3 to 28 dph.",40.21263,1.1509543,4,41.35309,1.1481373,2,"sd","Data digitised from figure.","no",3,1,39.6456166666667,41.52706,1.26568143333333,1.1308519,34.7305550080109,35.5255067975217,0.780377538847258,0.739974322059287,"no",1.1509543,1.1481373,0.190076666666667,0.0275078772221602,6.02936341456537,"no","hypophthalmichthys molitrix","Hypophthalmichthys_molitrix",35786,"Hypophthalmichthys_molitrix"
"PP",351,75,68,70,75,193,277,"Treatments re-used in stepwise comparisons","Fig1",NA,"041_Opuszynski_1989_Fig1","published",NA,"peer-reviewed","Opuszynski_et_al_1989","Upper lethal and rearing temperatures for juvenile common carp, Cyprinus carpio L., and silver carp, Hypophthalmichthys molitrix (Valenciennes)",1989,"Aquaculture and Fisheries Management",NA,"https://doi.org/10.1111/j.1365-2109.1989.tb00354.x","Opuszy?ski, K., A. Lirski, L. Myszkowski, and J. Wolnicki. ""Upper lethal and rearing temperatures for juvenile common carp, Cyprinus carpio L., and silver carp, Hypophthalmichthys molitrix (Valenciennes)."" Aquaculture Research 20, no. 3 (1989): 287-294.","Chordata","Actinopterygii","Cypriniformes","Cyprinidae","Hypophthalmichthys","molitrix","Hypophthalmichthys molitrix",5,"ADW","aquatic","fish","oviparous","juvenile","juvenile","no","mobile",NA,NA,"A","lab",NA,NA,NA,NA,NA,NA,NA,NA,"unknown",NA,NA,"CTmax","death",20,25,1,"fluctuating",NA,0.1,NA,NA,NA,NA,NA,NA,NA,NA,NA,NA,NA,"Animals were tested at different ages.",NA,"The age of the animals tested ranged from 3 to 28 dph.",37.37113,1.4979527,4,40.21263,1.1509543,4,"sd","Data digitised from figure.","no",3,1,39.6456166666667,41.52706,1.26568143333333,1.1308519,34.7305550080109,35.5255067975217,0.780377538847258,0.739974322059287,"no",1.4979527,1.1509543,0.568299999999999,0.0356855809212578,5.29363038565842,"no","hypophthalmichthys molitrix","Hypophthalmichthys_molitrix",35786,"Hypophthalmichthys_molitrix"
"PP",355,77,70,71,76,194,281,"Treatments re-used in stepwise comparisons.","dataset","https://doi.org/10.5061/dryad.rv982",NA,"published","Oyamaguchi_et_al_2018","peer-reviewed","Oyamaguchi_et_al_2018","Thermal sensitivity of a Neotropical amphibian (Engystomops pustulosus) and its vulnerability to climate change",2018,"Biotropica",NA,"10.1111/btp.12519","Oyamaguchi, Hilton M., Pacific Vo, Kiran Grewal, Robert Do, Eugene Erwin, Narin Jeong, Katherine Tse et al. ""Thermal sensitivity of a Neotropical amphibian (Engystomops pustulosus) and its vulnerability to climate change."" Biotropica 50, no. 2 (2018): 326-337.","Chordata","Amphibia","Anura","Leptodactylidae","Engystomops","pustulosus","Engystomops pustulosus",0.539356605,"Romero-Carvajal_et_al_2009","aquatic","amphibian","oviparous","juvenile","juvenile","no","mobile",NA,NA,"A","lab",9.11,-79.69,30,NA,NA,19.22146,0.0747531,NA,"unknown",26,"yes","CTmax","LRR",28,31,NA,"constant",8.9156325,1,NA,NA,NA,NA,NA,NA,NA,NA,NA,NA,NA,NA,NA,"Was considered ""aquatic"" because the life stage tested is aquatic. Mean acclimation duration, body length, and body mass (calculated from raw data) was taken as the average between the two treatments.",42.14194,1.6266067,31,42.56154,1.325102802,13,"sd","Data calculated from the raw data.","no",3,1,42.0618733333333,42.7289366666667,1.36934327933333,1.18930168766667,34.7305550080109,35.5255067975217,0.780377538847258,0.739974322059287,"no",1.6266067,1.325102802,0.139866666666668,0.0244910014188639,6.38993923504933,"no","engystomops pustulosus","Engystomops_pustulosus",262675,"Engystomops_pustulosus"
"PP",356,77,70,71,76,194,282,"Treatments re-used in stepwise comparisons.","dataset","https://doi.org/10.5061/dryad.rv982",NA,"published","Oyamaguchi_et_al_2018","peer-reviewed","Oyamaguchi_et_al_2018","Thermal sensitivity of a Neotropical amphibian (Engystomops pustulosus) and its vulnerability to climate change",2018,"Biotropica",NA,"10.1111/btp.12519","Oyamaguchi, Hilton M., Pacific Vo, Kiran Grewal, Robert Do, Eugene Erwin, Narin Jeong, Katherine Tse et al. ""Thermal sensitivity of a Neotropical amphibian (Engystomops pustulosus) and its vulnerability to climate change."" Biotropica 50, no. 2 (2018): 326-337.","Chordata","Amphibia","Anura","Leptodactylidae","Engystomops","pustulosus","Engystomops pustulosus",0.539356605,"Romero-Carvajal_et_al_2009","aquatic","amphibian","oviparous","juvenile","juvenile","no","mobile",NA,NA,"A","lab",9.11,-79.69,30,NA,NA,18.63974,0.06589423,NA,"unknown",26,"yes","CTmax","LRR",31,33,NA,"constant",8.4935895,1,NA,NA,NA,NA,NA,NA,NA,NA,NA,NA,NA,NA,NA,"Was considered ""aquatic"" because the life stage tested is aquatic. Mean acclimation duration, body length, and body mass (calculated from raw data) was taken as the average between the two treatments.",42.56154,1.325102802,13,43.48333,0.616195561,12,"sd","Data calculated from the raw data.","no",3,1,42.0618733333333,42.7289366666667,1.36934327933333,1.18930168766667,34.7305550080109,35.5255067975217,0.780377538847258,0.739974322059287,"no",1.325102802,0.616195561,0.460895000000001,0.0416776119111673,4.89833616596753,"no","engystomops pustulosus","Engystomops_pustulosus",262675,"Engystomops_pustulosus"
"PP",354,77,70,71,76,194,280,"Treatments re-used in stepwise comparisons.","dataset","https://doi.org/10.5061/dryad.rv982",NA,"published","Oyamaguchi_et_al_2018","peer-reviewed","Oyamaguchi_et_al_2018","Thermal sensitivity of a Neotropical amphibian (Engystomops pustulosus) and its vulnerability to climate change",2018,"Biotropica",NA,"10.1111/btp.12519","Oyamaguchi, Hilton M., Pacific Vo, Kiran Grewal, Robert Do, Eugene Erwin, Narin Jeong, Katherine Tse et al. ""Thermal sensitivity of a Neotropical amphibian (Engystomops pustulosus) and its vulnerability to climate change."" Biotropica 50, no. 2 (2018): 326-337.","Chordata","Amphibia","Anura","Leptodactylidae","Engystomops","pustulosus","Engystomops pustulosus",0.539356605,"Romero-Carvajal_et_al_2009","aquatic","amphibian","oviparous","juvenile","juvenile","no","mobile",NA,NA,"A","lab",9.11,-79.69,30,NA,NA,16.669815,0.0559303,NA,"unknown",26,"yes","CTmax","LRR",21,28,NA,"constant",8.5887095,1,NA,NA,NA,NA,NA,NA,NA,NA,NA,NA,NA,NA,NA,"Was considered ""aquatic"" because the life stage tested is aquatic. Mean acclimation duration, body length, and body mass (calculated from raw data) was taken as the average between the two treatments.",41.48214,1.156320336,28,42.14194,1.6266067,31,"sd","Data calculated from the raw data.","no",3,1,42.0618733333333,42.7289366666667,1.36934327933333,1.18930168766667,34.7305550080109,35.5255067975217,0.780377538847258,0.739974322059287,"no",1.156320336,1.6266067,0.0942571428571424,0.00271638202493272,19.1868895717778,"no","engystomops pustulosus","Engystomops_pustulosus",262675,"Engystomops_pustulosus"
"PP",361,81,74,73,78,197,285,NA,"Fig2C",NA,"045_Pimentel_2014_Fig2BC","published",NA,"peer-reviewed","Pimentel_et_al_2014","Defective skeletogenesis and oversized otoliths in fish early stages in a changing ocean",2014,"Journal of Experimental Biology",NA,"10.1242/jeb.092635","Pimentel, Marta S., Filipa Faleiro, Gisela Dionísio, Tiago Repolho, Pedro Pousão-Ferreira, Jorge Machado, and Rui Rosa. ""Defective skeletogenesis and oversized otoliths in fish early stages in a changing ocean."" Journal of Experimental Biology 217, no. 12 (2014): 2062-2070.","Chordata","Actinopterygii","Pleuronectiformes","Soleidae","Solea","senegalensis","Solea senegalensis",3,"https://en.wikipedia.org/wiki/Solea_senegalensis","aquatic","fish","oviparous","embryo","juvenile","no","immobile",NA,NA,"C","lab",NA,NA,NA,NA,NA,NA,NA,NA,"unknown",NA,NA,"CTmax","death",18,22,0.2,"constant",NA,0.033333333,NA,NA,NA,NA,NA,NA,35.4,8.02,14,NA,NA,NA,NA,"Data for animals tested upon hatching. Acc_duration was unclear because they do not represent the time to hatching.",35.05991,0.7142857,30,35.65899,0.8525346,30,"sd","Data digitised from figure. The LT50 data presented in Fig2B was excluded because it represents the same data as in Fig 2C, but using different calculations.","no",1,1,35.2960825,36.5576025,0.76612905,0.794930875,34.7305550080109,35.5255067975217,0.780377538847258,0.739974322059287,"no",0.7142857,0.8525346,0.14977,0.00257712355296177,19.6984647647426,"no","solea senegalensis","Solea_senegalensis",366998,"Solea_senegalensis"
"PP",363,81,74,73,78,199,287,NA,"Fig2C",NA,"045_Pimentel_2014_Fig2BC","published",NA,"peer-reviewed","Pimentel_et_al_2014","Defective skeletogenesis and oversized otoliths in fish early stages in a changing ocean",2014,"Journal of Experimental Biology",NA,"10.1242/jeb.092635","Pimentel, Marta S., Filipa Faleiro, Gisela Dionísio, Tiago Repolho, Pedro Pousão-Ferreira, Jorge Machado, and Rui Rosa. ""Defective skeletogenesis and oversized otoliths in fish early stages in a changing ocean."" Journal of Experimental Biology 217, no. 12 (2014): 2062-2070.","Chordata","Actinopterygii","Pleuronectiformes","Soleidae","Solea","senegalensis","Solea senegalensis",3,"https://en.wikipedia.org/wiki/Solea_senegalensis","aquatic","fish","oviparous","embryo","juvenile","no","immobile",NA,NA,"C","lab",NA,NA,NA,NA,NA,NA,NA,NA,"unknown",NA,NA,"CTmax","death",18,22,0.2,"constant",NA,0.033333333,NA,NA,NA,NA,NA,NA,35.4,7.51,14,NA,NA,NA,NA,"Data for animals tested upon hatching. Acc_duration was unclear because they do not represent the time to hatching.",33.67742,0.921659,30,34.96774,1.1520737,30,"sd","Data digitised from figure. The LT50 data presented in Fig2B was excluded because it represents the same data as in Fig 2C, but using different calculations.","no",1,1,35.2960825,36.5576025,0.76612905,0.794930875,34.7305550080109,35.5255067975217,0.780377538847258,0.739974322059287,"no",0.921659,1.1520737,0.32258,0.0045348523385681,14.8497254694863,"no","solea senegalensis","Solea_senegalensis",366998,"Solea_senegalensis"
"PP",362,81,74,73,78,198,286,NA,"Fig2C",NA,"045_Pimentel_2014_Fig2BC","published",NA,"peer-reviewed","Pimentel_et_al_2014","Defective skeletogenesis and oversized otoliths in fish early stages in a changing ocean",2014,"Journal of Experimental Biology",NA,"10.1242/jeb.092635","Pimentel, Marta S., Filipa Faleiro, Gisela Dionísio, Tiago Repolho, Pedro Pousão-Ferreira, Jorge Machado, and Rui Rosa. ""Defective skeletogenesis and oversized otoliths in fish early stages in a changing ocean."" Journal of Experimental Biology 217, no. 12 (2014): 2062-2070.","Chordata","Actinopterygii","Pleuronectiformes","Soleidae","Solea","senegalensis","Solea senegalensis",3,"https://en.wikipedia.org/wiki/Solea_senegalensis","aquatic","fish","oviparous","embryo_and_juvenile","juvenile","no","mobile",NA,NA,"C","lab",NA,NA,NA,NA,NA,NA,NA,30,"unknown",NA,NA,"CTmax","death",18,22,0.2,"constant",NA,0.033333333,NA,NA,NA,NA,NA,NA,35.4,8.02,14,NA,NA,NA,NA,"Data for the 30 dph animals. Acc_duration was unclear because they do not represent the time to hatching. Body length was digitised for fig. 1C",36.99539,0.8525346,30,38.26267,0.483871,30,"sd","Data digitised from figure. The LT50 data presented in Fig2B was excluded because it represents the same data as in Fig 2C, but using different calculations.","no",1,1,35.2960825,36.5576025,0.76612905,0.794930875,34.7305550080109,35.5255067975217,0.780377538847258,0.739974322059287,"no",0.8525346,0.483871,0.31682,0.00200197164341283,22.3496660957261,"no","solea senegalensis","Solea_senegalensis",366998,"Solea_senegalensis"
"PP",364,81,74,73,78,200,288,NA,"Fig2C",NA,"045_Pimentel_2014_Fig2BC","published",NA,"peer-reviewed","Pimentel_et_al_2014","Defective skeletogenesis and oversized otoliths in fish early stages in a changing ocean",2014,"Journal of Experimental Biology",NA,"10.1242/jeb.092635","Pimentel, Marta S., Filipa Faleiro, Gisela Dionísio, Tiago Repolho, Pedro Pousão-Ferreira, Jorge Machado, and Rui Rosa. ""Defective skeletogenesis and oversized otoliths in fish early stages in a changing ocean."" Journal of Experimental Biology 217, no. 12 (2014): 2062-2070.","Chordata","Actinopterygii","Pleuronectiformes","Soleidae","Solea","senegalensis","Solea senegalensis",3,"https://en.wikipedia.org/wiki/Solea_senegalensis","aquatic","fish","oviparous","embryo_and_juvenile","juvenile","no","mobile",NA,NA,"C","lab",NA,NA,NA,NA,NA,NA,NA,30,"unknown",NA,NA,"CTmax","death",18,22,0.2,"constant",NA,0.033333333,NA,NA,NA,NA,NA,NA,35.4,7.51,14,NA,NA,NA,NA,"Data for the 30 dph animals. Acc_duration was unclear because they do not represent the time to hatching. Body length was digitised for fig. 1C",35.45161,0.5760369,30,37.34101,0.6912442,30,"sd","Data digitised from figure. The LT50 data presented in Fig2B was excluded because it represents the same data as in Fig 2C, but using different calculations.","no",1,1,35.2960825,36.5576025,0.76612905,0.794930875,34.7305550080109,35.5255067975217,0.780377538847258,0.739974322059287,"no",0.5760369,0.6912442,0.472349999999999,0.00168674386290677,24.3486804827024,"no","solea senegalensis","Solea_senegalensis",366998,"Solea_senegalensis"
"RZ",1036,89,82,226,243,569,904,"Treatments were re-used in stepwise comparisons.","TabA4",NA,NA,"published",NA,"peer-reviewed","Ruthsatz_et_al_2018","Thyroid hormone levels and temperature during development alter thermal tolerance and energetics of Xenopus laevis larvae",2018,"Conservation Physiology",NA,"10.1093/conphys/coy059","Ruthsatz, Katharina, Kathrin H. Dausmann, Myron A. Peck, Claudia Drees, Nikita M. Sabatino, Laura I. Becker, Janica Reese, Lisa Hartmann, and Julian Glos. ""Thyroid hormone levels and temperature during development alter thermal tolerance and energetics of Xenopus laevis larvae."" Conservation physiology 6, no. 1 (2018): coy059.","Chordata","Amphibia","Anura","Pipidae","Xenopus","laevis","Xenopus laevis",0.501026694,"Age","aquatic","amphibian","oviparous","juvenile","juvenile","no","mobile",NA,NA,"A","lab",NA,NA,NA,NA,NA,NA,0.10435,NA,"unknown",NA,NA,"CTmax","LRR",25,28,0.4,"constant",28,0.1,NA,NA,NA,NA,NA,NA,NA,NA,12,NA,NA,NA,NA,"This study manipulated levels of the thyroid hormone as well as the acclimation temperature, and effect sizes were only generated from the control treatment with no hormone manipulation. Body mass was taken as the average body mass at the onset of metamorphosis across between treatments (see Tab A1 for original values). The species was considered ""aquatic"" because the life stage tested is aquatic. Acc_temp_var was averaged between treatments.",39.7,0.2,3,35.5,0.5,3,"sd","Data taken from table.","no",4,1,34.475,34.575,0.45,0.375,34.7305550080109,35.5255067975217,0.780377538847258,0.739974322059287,"no",0.2,0.5,-1.4,0.0107407407407407,9.64901281354015,"no","xenopus laevis","Xenopus_laevis",465096,"Xenopus_laevis"
"RZ",1034,89,82,226,243,569,902,"Treatments were re-used in stepwise comparisons.","TabA4",NA,NA,"published",NA,"peer-reviewed","Ruthsatz_et_al_2018","Thyroid hormone levels and temperature during development alter thermal tolerance and energetics of Xenopus laevis larvae",2018,"Conservation Physiology",NA,"10.1093/conphys/coy059","Ruthsatz, Katharina, Kathrin H. Dausmann, Myron A. Peck, Claudia Drees, Nikita M. Sabatino, Laura I. Becker, Janica Reese, Lisa Hartmann, and Julian Glos. ""Thyroid hormone levels and temperature during development alter thermal tolerance and energetics of Xenopus laevis larvae."" Conservation physiology 6, no. 1 (2018): coy059.","Chordata","Amphibia","Anura","Pipidae","Xenopus","laevis","Xenopus laevis",0.501026694,"Age","aquatic","amphibian","oviparous","juvenile","juvenile","no","mobile",NA,NA,"A","lab",NA,NA,NA,NA,NA,NA,0.343005,NA,"unknown",NA,NA,"CTmax","LRR",19,22,0.3,"constant",28,0.1,NA,NA,NA,NA,NA,NA,NA,NA,12,NA,NA,NA,NA,"This study manipulated levels of the thyroid hormone as well as the acclimation temperature, and effect sizes were only generated from the control treatment with no hormone manipulation. Body mass was taken as the average body mass at the onset of metamorphosis across between treatments (see Tab A1 for original values). The species was considered ""aquatic"" because the life stage tested is aquatic. Acc_temp_var was averaged between treatments.",31.5,0.5,3,31.6,0.3,3,"sd","Data taken from table.","no",4,1,34.475,34.575,0.45,0.375,34.7305550080109,35.5255067975217,0.780377538847258,0.739974322059287,"no",0.5,0.3,0.0333333333333338,0.0125925925925926,8.91132788679007,"no","xenopus laevis","Xenopus_laevis",465096,"Xenopus_laevis"
"RZ",1035,89,82,226,243,569,903,"Treatments were re-used in stepwise comparisons.","TabA4",NA,NA,"published",NA,"peer-reviewed","Ruthsatz_et_al_2018","Thyroid hormone levels and temperature during development alter thermal tolerance and energetics of Xenopus laevis larvae",2018,"Conservation Physiology",NA,"10.1093/conphys/coy059","Ruthsatz, Katharina, Kathrin H. Dausmann, Myron A. Peck, Claudia Drees, Nikita M. Sabatino, Laura I. Becker, Janica Reese, Lisa Hartmann, and Julian Glos. ""Thyroid hormone levels and temperature during development alter thermal tolerance and energetics of Xenopus laevis larvae."" Conservation physiology 6, no. 1 (2018): coy059.","Chordata","Amphibia","Anura","Pipidae","Xenopus","laevis","Xenopus laevis",0.501026694,"Age","aquatic","amphibian","oviparous","juvenile","juvenile","no","mobile",NA,NA,"A","lab",NA,NA,NA,NA,NA,NA,0.20163,NA,"unknown",NA,NA,"CTmax","LRR",22,25,0.3,"constant",28,0.1,NA,NA,NA,NA,NA,NA,NA,NA,12,NA,NA,NA,NA,"This study manipulated levels of the thyroid hormone as well as the acclimation temperature, and effect sizes were only generated from the control treatment with no hormone manipulation. Body mass was taken as the average body mass at the onset of metamorphosis across between treatments (see Tab A1 for original values). The species was considered ""aquatic"" because the life stage tested is aquatic. Acc_temp_var was averaged between treatments.",31.6,0.3,3,39.7,0.2,3,"sd","Data taken from table.","no",4,1,34.475,34.575,0.45,0.375,34.7305550080109,35.5255067975217,0.780377538847258,0.739974322059287,"no",0.3,0.2,2.7,0.00481481481481481,14.4115338424578,"no","xenopus laevis","Xenopus_laevis",465096,"Xenopus_laevis"
"RZ",1033,89,82,226,243,569,901,"Treatments were re-used in stepwise comparisons.","TabA4",NA,NA,"published",NA,"peer-reviewed","Ruthsatz_et_al_2018","Thyroid hormone levels and temperature during development alter thermal tolerance and energetics of Xenopus laevis larvae",2018,"Conservation Physiology",NA,"10.1093/conphys/coy059","Ruthsatz, Katharina, Kathrin H. Dausmann, Myron A. Peck, Claudia Drees, Nikita M. Sabatino, Laura I. Becker, Janica Reese, Lisa Hartmann, and Julian Glos. ""Thyroid hormone levels and temperature during development alter thermal tolerance and energetics of Xenopus laevis larvae."" Conservation physiology 6, no. 1 (2018): coy059.","Chordata","Amphibia","Anura","Pipidae","Xenopus","laevis","Xenopus laevis",0.501026694,"Age","aquatic","amphibian","oviparous","juvenile","juvenile","no","mobile",NA,NA,"A","lab",NA,NA,NA,NA,NA,NA,0.256955,NA,"unknown",NA,NA,"CTmax","LRR",16,19,0.45,"constant",28,0.1,NA,NA,NA,NA,NA,NA,NA,NA,12,NA,NA,NA,NA,"This study manipulated levels of the thyroid hormone as well as the acclimation temperature, and effect sizes were only generated from the control treatment with no hormone manipulation. Body mass was taken as the average body mass at the onset of metamorphosis across between treatments (see Tab A1 for original values). The species was considered ""aquatic"" because the life stage tested is aquatic. Acc_temp_var was averaged between treatments.",35.1,0.8,3,31.5,0.5,3,"sd","Data taken from table.","no",4,1,34.475,34.575,0.45,0.375,34.7305550080109,35.5255067975217,0.780377538847258,0.739974322059287,"no",0.8,0.5,-1.2,0.032962962962963,5.50791055225894,"no","xenopus laevis","Xenopus_laevis",465096,"Xenopus_laevis"
"RZ",1037,90,83,227,244,570,905,"Treatments were re-used in stepwise comparisons.","Tab5",NA,NA,"published",NA,"peer-reviewed","Ruthsatz_et_al_2020","Post?metamorphic carry?over effects of altered thyroid hormone level and developmental temperature: physiological plasticity and body condition at two life stages in Rana temporaria",2020,"Journal of Comparative Physiology B",NA,"https://doi.org/10.1007/s00360-020-01271-8","Ruthsatz, Katharina, Kathrin H. Dausmann, Steffen Reinhardt, Tom Robinson, Nikita M. Sabatino, Myron A. Peck, and Julian Glos. ""Post-metamorphic carry-over effects of altered thyroid hormone level and developmental temperature: physiological plasticity and body condition at two life stages in Rana temporaria."" Journal of Comparative Physiology B 190, no. 3 (2020): 297-315.","Chordata","Amphibia","Anura","Ranidae","Rana","temporaria","Rana temporaria",2.997946612,"Age","aquatic","amphibian","oviparous","juvenile","juvenile","no","mobile",NA,NA,"A","lab",53.57705556,9.782638889,51,NA,NA,NA,0.54505,NA,"unknown",NA,NA,"CTmax","LRR",14,18,0.3,"constant",77,0.1,NA,NA,NA,NA,NA,NA,NA,NA,12,NA,NA,"Eggs were collected from the wild.",NA,"This study manipulated internal TH levels in larvae alongside acclimation temperature, and effect sizes were only generated from the control treatment with no hormone manipulation. The species was considered ""aquatic"" because the life stage tested is aquatic. Eggs were collected from the wild so a portion of the development occurred outside controlled conditions. Body mass was averaged between treatments (see original values in Tab 4). acc_temp_var was averaged between treatments.",32.08,0.12,5,34.34,0.18,5,"sd","Data taken from table.","no",4,1,35.84,37.6025,0.3525,0.3575,34.7305550080109,35.5255067975217,0.780377538847258,0.739974322059287,"no",0.12,0.18,0.565000000000001,0.000585,41.3449115297362,"no","rana temporaria","Rana_temporaria",14718,"Rana_temporaria"
"RZ",1040,90,83,227,244,570,908,"Treatments were re-used in stepwise comparisons.","Tab5",NA,NA,"published",NA,"peer-reviewed","Ruthsatz_et_al_2020","Post?metamorphic carry?over effects of altered thyroid hormone level and developmental temperature: physiological plasticity and body condition at two life stages in Rana temporaria",2020,"Journal of Comparative Physiology B",NA,"https://doi.org/10.1007/s00360-020-01271-8","Ruthsatz, Katharina, Kathrin H. Dausmann, Steffen Reinhardt, Tom Robinson, Nikita M. Sabatino, Myron A. Peck, and Julian Glos. ""Post-metamorphic carry-over effects of altered thyroid hormone level and developmental temperature: physiological plasticity and body condition at two life stages in Rana temporaria."" Journal of Comparative Physiology B 190, no. 3 (2020): 297-315.","Chordata","Amphibia","Anura","Ranidae","Rana","temporaria","Rana temporaria",2.997946612,"Age","aquatic","amphibian","oviparous","juvenile","juvenile","no","mobile",NA,NA,"A","lab",53.57705556,9.782638889,51,NA,NA,NA,0.1072,NA,"unknown",NA,NA,"CTmax","LRR",25,28,0.25,"constant",77,0.1,NA,NA,NA,NA,NA,NA,NA,NA,12,NA,NA,"Eggs were collected from the wild.",NA,"This study manipulated internal TH levels in larvae alongside acclimation temperature, and effect sizes were only generated from the control treatment with no hormone manipulation. The species was considered ""aquatic"" because the life stage tested is aquatic. Eggs were collected from the wild so a portion of the development occurred outside controlled conditions. Body mass was averaged between treatments (see original values in Tab 4). acc_temp_var was averaged between treatments.",40.31,0.19,5,39.13,0.14,5,"sd","Data taken from table.","no",4,1,35.84,37.6025,0.3525,0.3575,34.7305550080109,35.5255067975217,0.780377538847258,0.739974322059287,"no",0.19,0.14,-0.393333333333333,0.00123777777777778,28.4235722842918,"no","rana temporaria","Rana_temporaria",14718,"Rana_temporaria"
"RZ",1038,90,83,227,244,570,906,"Treatments were re-used in stepwise comparisons.","Tab5",NA,NA,"published",NA,"peer-reviewed","Ruthsatz_et_al_2020","Post?metamorphic carry?over effects of altered thyroid hormone level and developmental temperature: physiological plasticity and body condition at two life stages in Rana temporaria",2020,"Journal of Comparative Physiology B",NA,"https://doi.org/10.1007/s00360-020-01271-8","Ruthsatz, Katharina, Kathrin H. Dausmann, Steffen Reinhardt, Tom Robinson, Nikita M. Sabatino, Myron A. Peck, and Julian Glos. ""Post-metamorphic carry-over effects of altered thyroid hormone level and developmental temperature: physiological plasticity and body condition at two life stages in Rana temporaria."" Journal of Comparative Physiology B 190, no. 3 (2020): 297-315.","Chordata","Amphibia","Anura","Ranidae","Rana","temporaria","Rana temporaria",2.997946612,"Age","aquatic","amphibian","oviparous","juvenile","juvenile","no","mobile",NA,NA,"A","lab",53.57705556,9.782638889,51,NA,NA,NA,0.4231,NA,"unknown",NA,NA,"CTmax","LRR",18,22,0.1,"constant",77,0.1,NA,NA,NA,NA,NA,NA,NA,NA,12,NA,NA,"Eggs were collected from the wild.",NA,"This study manipulated internal TH levels in larvae alongside acclimation temperature, and effect sizes were only generated from the control treatment with no hormone manipulation. The species was considered ""aquatic"" because the life stage tested is aquatic. Eggs were collected from the wild so a portion of the development occurred outside controlled conditions. Body mass was averaged between treatments (see original values in Tab 4). acc_temp_var was averaged between treatments.",34.34,0.18,5,36.63,0.92,5,"sd","Data taken from table.","no",4,1,35.84,37.6025,0.3525,0.3575,34.7305550080109,35.5255067975217,0.780377538847258,0.739974322059287,"no",0.18,0.92,0.5725,0.010985,9.54113342993911,"no","rana temporaria","Rana_temporaria",14718,"Rana_temporaria"
"RZ",1039,90,83,227,244,570,907,"Treatments were re-used in stepwise comparisons.","Tab5",NA,NA,"published",NA,"peer-reviewed","Ruthsatz_et_al_2020","Post?metamorphic carry?over effects of altered thyroid hormone level and developmental temperature: physiological plasticity and body condition at two life stages in Rana temporaria",2020,"Journal of Comparative Physiology B",NA,"https://doi.org/10.1007/s00360-020-01271-8","Ruthsatz, Katharina, Kathrin H. Dausmann, Steffen Reinhardt, Tom Robinson, Nikita M. Sabatino, Myron A. Peck, and Julian Glos. ""Post-metamorphic carry-over effects of altered thyroid hormone level and developmental temperature: physiological plasticity and body condition at two life stages in Rana temporaria."" Journal of Comparative Physiology B 190, no. 3 (2020): 297-315.","Chordata","Amphibia","Anura","Ranidae","Rana","temporaria","Rana temporaria",2.997946612,"Age","aquatic","amphibian","oviparous","juvenile","juvenile","no","mobile",NA,NA,"A","lab",53.57705556,9.782638889,51,NA,NA,NA,0.24765,NA,"unknown",NA,NA,"CTmax","LRR",22,25,0.15,"constant",77,0.1,NA,NA,NA,NA,NA,NA,NA,NA,12,NA,NA,"Eggs were collected from the wild.",NA,"This study manipulated internal TH levels in larvae alongside acclimation temperature, and effect sizes were only generated from the control treatment with no hormone manipulation. The species was considered ""aquatic"" because the life stage tested is aquatic. Eggs were collected from the wild so a portion of the development occurred outside controlled conditions. Body mass was averaged between treatments (see original values in Tab 4). acc_temp_var was averaged between treatments.",36.63,0.92,5,40.31,0.19,5,"sd","Data taken from table.","no",4,1,35.84,37.6025,0.3525,0.3575,34.7305550080109,35.5255067975217,0.780377538847258,0.739974322059287,"no",0.92,0.19,1.22666666666667,0.0196111111111111,7.14083338388669,"no","rana temporaria","Rana_temporaria",14718,"Rana_temporaria"
"PP",390,92,85,78,83,211,314,NA,"dataset","https://doi.org/10.5061/dryad.25b8f",NA,"published",NA,"peer-reviewed","Salachan_and_Sorensen_2017","Critical thermal limits affected differently by developmental and adult thermal fluctuations",2017,"Journal of Experimental Biology",NA,"https://doi.org/10.1242/jeb.165308","Salachan, Paul Vinu, and Jesper Givskov Sørensen. ""Critical thermal limits affected differently by developmental and adult thermal fluctuations."" Journal of Experimental Biology 220, no. 23 (2017): 4471-4478.","Arthropoda","Insecta","Diptera","Drosophilidae","Drosophila","melanogaster","Drosophila melanogaster",0.019164956,"Age","terrestrial","terrestrial invertebrate","oviparous","embryo_and_juvenile","adult","yes","immobile",9,19,"E","lab",NA,NA,NA,NA,2013,NA,NA,9,"male",25,"no","CTmax","other",19,23,8,"fluctuating",NA,0.1,NA,NA,NA,NA,NA,NA,NA,NA,12,NA,NA,NA,NA,"Data for animals tested at 9 days of age, and acclimated as adults to 19C +/- 8C. mobility_life_stage_manip was taken as ""immobile"" because most of the life stages acclimated were immobile (embryos and pupae). Animals who were first incubated at 19C were acclimated for longer than the animals incubated to 23C; hence why ""incubation_independent"" was taken as ""no"". acc_duration not reported because the time from egg to adult was not reported. Endpoint was ""the temperature at which all movements ceased"".",40.16533,0.4131217,15,40.936,0.3800643,10,"sd","Data calculated from the raw data.","no",1,1,40.10425,40.36925,0.247779225,0.406590325,34.7305550080109,35.5255067975217,0.780377538847258,0.739974322059287,"no",0.4131217,0.3800643,0.192667500000001,0.0016139285300526,24.8918887075818,"no","drosophila melanogaster","Drosophila_melanogaster",505714,"Drosophila_melanogaster"
"PP",393,93,86,79,84,214,317,"Treatments re-used in stepwise comparisons.","dataset","https://royalsocietypublishing.org/doi/suppl/10.1098/rstb.2018.0177",NA,"published",NA,"peer-reviewed","Salinas_et_al_2019","Trait variation in extreme thermal environments under constant and fluctuating temperatures",2019,"Philosophical Transactions of the Royal Society B",NA,"http://dx.doi.org/10.1098/rstb.2018.0177","Salinas, Santiago, Shannon E. Irvine, Claire L. Schertzing, Shelby Q. Golden, and Stephan B. Munch. ""Trait variation in extreme thermal environments under constant and fluctuating temperatures."" Philosophical Transactions of the Royal Society B 374, no. 1768 (2019): 20180177.","Chordata","Actinopterygii","Cypriniformes","Cyprinidae","Pimephales","promelas","Pimephales promelas",0.164271047,"Age","aquatic","fish","oviparous","juvenile","juvenile","no","mobile",NA,NA,"A","lab",NA,NA,NA,NA,NA,NA,NA,55,"unknown",25,"no","CTmax","LOE",23.5,25,0.2,"constant",53,0.5,NA,NA,NA,NA,NA,NA,NA,NA,NA,NA,NA,"Treatments were acclimated for different durations.",NA,"Animals acclimated to 25C were acclimated for 24h longer than other treatments. Acc_duration was taken as the age when the animals were tested (mean of 55 days) minus the age of the animals when they arrived to the lab (1 dph) minus the time at housing temperature (24h).",35.57143,1.6357611,7,37.14167,0.6316765,12,"sd","Data calculated from the raw data. Data for fluctuating treatments were not included because they were not directly comparable (both the mean and the variability varied between treatments). Body length was calculated from the raw data (body length at Age 7 = 54 dph, which was the closest to to when the CTmax was measured) and averaged between treatment groups.","no",3,1,37.3519866666667,38.86454,0.911455266666667,0.442874833333333,34.7305550080109,35.5255067975217,0.780377538847258,0.739974322059287,"no",1.6357611,0.6316765,1.04682666666667,0.184664967829864,2.32706086555463,"no","pimephales promelas","Pimephales_promelas",564459,"Pimephales_promelas"
"PP",395,93,86,79,84,214,319,"Treatments re-used in stepwise comparisons.","dataset","https://royalsocietypublishing.org/doi/suppl/10.1098/rstb.2018.0177",NA,"published",NA,"peer-reviewed","Salinas_et_al_2019","Trait variation in extreme thermal environments under constant and fluctuating temperatures",2019,"Philosophical Transactions of the Royal Society B",NA,"http://dx.doi.org/10.1098/rstb.2018.0177","Salinas, Santiago, Shannon E. Irvine, Claire L. Schertzing, Shelby Q. Golden, and Stephan B. Munch. ""Trait variation in extreme thermal environments under constant and fluctuating temperatures."" Philosophical Transactions of the Royal Society B 374, no. 1768 (2019): 20180177.","Chordata","Actinopterygii","Cypriniformes","Cyprinidae","Pimephales","promelas","Pimephales promelas",0.164271047,"Age","aquatic","fish","oviparous","juvenile","juvenile","no","mobile",NA,NA,"A","lab",NA,NA,NA,NA,NA,NA,NA,55,"unknown",25,"yes","CTmax","LOE",28.5,31,0.2,"constant",53,0.5,NA,NA,NA,NA,NA,NA,NA,NA,NA,NA,NA,"Treatments were acclimated for different durations.",NA,"Animals acclimated to 25C were acclimated for 24h longer than other treatments. Acc_duration was taken as the age when the animals were tested (mean of 55 days) minus the age of the animals when they arrived to the lab (1 dph) minus the time at housing temperature (24h).",39.34286,0.4669282,14,40.10909,0.2300198,11,"sd","Data calculated from the raw data. Data for fluctuating treatments were not included because they were not directly comparable (both the mean and the variability varied between treatments). Body length was calculated from the raw data (body length at Age 7 = 54 dph, which was the closest to to when the CTmax was measured) and averaged between treatment groups.","no",3,1,37.3519866666667,38.86454,0.911455266666667,0.442874833333333,34.7305550080109,35.5255067975217,0.780377538847258,0.739974322059287,"no",0.4669282,0.2300198,0.306492,0.0032612663906454,17.5108352736438,"no","pimephales promelas","Pimephales_promelas",564459,"Pimephales_promelas"
"PP",394,93,86,79,84,214,318,"Treatments re-used in stepwise comparisons.","dataset","https://royalsocietypublishing.org/doi/suppl/10.1098/rstb.2018.0177",NA,"published",NA,"peer-reviewed","Salinas_et_al_2019","Trait variation in extreme thermal environments under constant and fluctuating temperatures",2019,"Philosophical Transactions of the Royal Society B",NA,"http://dx.doi.org/10.1098/rstb.2018.0177","Salinas, Santiago, Shannon E. Irvine, Claire L. Schertzing, Shelby Q. Golden, and Stephan B. Munch. ""Trait variation in extreme thermal environments under constant and fluctuating temperatures."" Philosophical Transactions of the Royal Society B 374, no. 1768 (2019): 20180177.","Chordata","Actinopterygii","Cypriniformes","Cyprinidae","Pimephales","promelas","Pimephales promelas",0.164271047,"Age","aquatic","fish","oviparous","juvenile","juvenile","no","mobile",NA,NA,"A","lab",NA,NA,NA,NA,NA,NA,NA,55,"unknown",25,"no","CTmax","LOE",25,28.5,0.2,"constant",53,0.5,NA,NA,NA,NA,NA,NA,NA,NA,NA,NA,NA,"Treatments were acclimated for different durations.",NA,"Animals acclimated to 25C were acclimated for 24h longer than other treatments. Acc_duration was taken as the age when the animals were tested (mean of 55 days) minus the age of the animals when they arrived to the lab (1 dph) minus the time at housing temperature (24h).",37.14167,0.6316765,12,39.34286,0.4669282,14,"sd","Data calculated from the raw data. Data for fluctuating treatments were not included because they were not directly comparable (both the mean and the variability varied between treatments). Body length was calculated from the raw data (body length at Age 7 = 54 dph, which was the closest to to when the CTmax was measured) and averaged between treatment groups.","no",3,1,37.3519866666667,38.86454,0.911455266666667,0.442874833333333,34.7305550080109,35.5255067975217,0.780377538847258,0.739974322059287,"no",0.6316765,0.4669282,0.62891142857143,0.00398565409941418,15.8398183721327,"no","pimephales promelas","Pimephales_promelas",564459,"Pimephales_promelas"
"PP",448,96,91,94,108,248,345,"Different egg masses (clutches) were taken as different families. All clutches from the same species were considered the same population.","dataset",NA,NA,"obtained","Simon_et_al_2015.csv","peer-reviewed","Simon_et_al_2015","Upper thermal tolerance plasticity in tropical amphibian species from contrasting habitats: Implications for warming impact prediction",2015,"Journal of Thermal Biology",NA,"http://dx.doi.org/10.1016/j.jtherbio.2014.12.008","Simon, Monique Nouailhetas, Pedro Leite Ribeiro, and Carlos Arturo Navas. ""Upper thermal tolerance plasticity in tropical amphibian species from contrasting habitats: implications for warming impact prediction."" Journal of thermal biology 48 (2015): 36-44.","Chordata","Amphibia","Anura","Bufonidae","Rhinella","granulosa","Rhinella granulosa",NA,NA,"aquatic","amphibian","oviparous","juvenile","juvenile","no","mobile",NA,NA,"A","lab",-5.65,-36.6,103,NA,NA,NA,NA,NA,"unknown",18,"yes","CTmax","other",20,30,NA,"constant",3,0.905,NA,NA,NA,NA,NA,NA,NA,NA,12,NA,NA,NA,NA,"Data for clutch 10. Elevation estimated from https://latlongdata.com/elevation/. The ramping rate was taken as the mean of the range presented (0.88-0.93). Endpoint was the temperature at which ""tadpoles did not move after five consecutive taps"". Egg masses were collected from the wild so the early development of the embryos did not occur in controlled conditions.",43,0.7559289,8,44.38462,0.9607689,13,"sd","Data calculated from the raw data (obtained from the author).","no",1,1,42.05129,43.338302,0.80179745,0.54054774,34.7305550080109,35.5255067975217,0.780377538847258,0.739974322059287,"no",0.7559289,0.9607689,0.138462,0.00142434476517071,26.4967396265288,"no","rhinella granulosa","Rhinella_granulosa",962298,"Rhinella_granulosa"
"PP",473,97,85,97,98,273,370,NA,"Fig2",NA,"051_Slotsbo_2016_Fig2","published",NA,"peer-reviewed","Slotsbo_et_al_2016","Reversibility of developmental heat and cold plasticity is asymmetric and has long-lasting consequences for adult thermal tolerance",2016,"Journal of Experimental Biology",NA,"10.1242/jeb.143750","Slotsbo, Stine, Mads F. Schou, Torsten N. Kristensen, Volker Loeschcke, and Jesper G. Sørensen. ""Reversibility of developmental heat and cold plasticity is asymmetric and has long-lasting consequences for adult thermal tolerance."" Journal of Experimental Biology 219, no. 17 (2016): 2726-2732.","Arthropoda","Insecta","Diptera","Drosophilidae","Drosophila","melanogaster","Drosophila melanogaster",0.019164956,"Age","terrestrial","terrestrial invertebrate","oviparous","embryo_and_juvenile","adult","yes","immobile",4,25,"E","lab",55.94512778,10.21258611,18,"fall",2010,NA,NA,4,"male",20,"no","CTmax","other",15,25,NA,"constant",NA,0.1,NA,NA,NA,NA,NA,NA,NA,NA,12,NA,NA,"Treatments were acclimated for different durations. Medians were presented",NA,"Data for adults acclimated to 25C for 4 days. mobility_life_stage_manip was taken as ""immobile"" because most of the life stages acclimated were immobile (embryos and pupae). Geographical coordinates were taken from Schou et al. 2014 (see citation in the paper) and elevant was inferred using https://latlongdata.com/elevation/. Season was taken as ""fall"" because animals were originally captured in October in Denmark. Endpoint was ""the temperature at which all capacity for movement ceased"". acc_duration not reported because the development time was not reported.  Animals who were first incubated at 25C were acclimated for longer than the animals incubated to 15C; hence why ""incubation_independent"" was taken as ""no"".",39.71406,0.55803,20,40.43294,0.52421,20,"sd","Data digitised from figure. The data presented were medians and not means. Raw data was presented in the supplement, but in PDF format (unusable).","no",1,1,39.25807375,39.97732625,0.955625396875,0.70240535625,34.7305550080109,35.5255067975217,0.780377538847258,0.739974322059287,"no",0.55803,0.52421,0.0718879999999999,0.0002930968025,58.4109755558598,"no","drosophila melanogaster","Drosophila_melanogaster",505714,"Drosophila_melanogaster"
"PP",480,97,85,97,98,280,377,NA,"Fig2",NA,"051_Slotsbo_2016_Fig2","published",NA,"peer-reviewed","Slotsbo_et_al_2016","Reversibility of developmental heat and cold plasticity is asymmetric and has long-lasting consequences for adult thermal tolerance",2016,"Journal of Experimental Biology",NA,"10.1242/jeb.143750","Slotsbo, Stine, Mads F. Schou, Torsten N. Kristensen, Volker Loeschcke, and Jesper G. Sørensen. ""Reversibility of developmental heat and cold plasticity is asymmetric and has long-lasting consequences for adult thermal tolerance."" Journal of Experimental Biology 219, no. 17 (2016): 2726-2732.","Arthropoda","Insecta","Diptera","Drosophilidae","Drosophila","melanogaster","Drosophila melanogaster",0.019164956,"Age","terrestrial","terrestrial invertebrate","oviparous","embryo_and_juvenile","adult","yes","immobile",18,25,"E","lab",55.94512778,10.21258611,18,"fall",2010,NA,NA,18,"male",20,"no","CTmax","other",15,25,NA,"constant",NA,0.1,NA,NA,NA,NA,NA,NA,NA,NA,12,NA,NA,"Treatments were acclimated for different durations. Medians were presented",NA,"Data for adults acclimated to 25C for 18 days. mobility_life_stage_manip was taken as ""immobile"" because most of the life stages acclimated were immobile (embryos and pupae). Geographical coordinates were taken from Schou et al. 2014 (see citation in the paper) and elevant was inferred using https://latlongdata.com/elevation/. Season was taken as ""fall"" because animals were originally captured in October in Denmark. Endpoint was ""the temperature at which all capacity for movement ceased"". acc_duration not reported because the development time was not reported.  Animals who were first incubated at 25C were acclimated for longer than the animals incubated to 15C; hence why ""incubation_independent"" was taken as ""no"".",39.33609,5.0730002,20,39.72147,2.6041401,20,"sd","Data digitised from figure. The data presented were medians and not means. Raw data was presented in the supplement, but in PDF format (unusable).","no",1,1,39.25807375,39.97732625,0.955625396875,0.70240535625,34.7305550080109,35.5255067975217,0.780377538847258,0.739974322059287,"no",5.0730002,2.6041401,0.0385379999999998,0.016258438344814,7.84260940388845,"no","drosophila melanogaster","Drosophila_melanogaster",505714,"Drosophila_melanogaster"
"PP",482,97,85,97,98,282,379,NA,"Fig2",NA,"051_Slotsbo_2016_Fig2","published",NA,"peer-reviewed","Slotsbo_et_al_2016","Reversibility of developmental heat and cold plasticity is asymmetric and has long-lasting consequences for adult thermal tolerance",2016,"Journal of Experimental Biology",NA,"10.1242/jeb.143750","Slotsbo, Stine, Mads F. Schou, Torsten N. Kristensen, Volker Loeschcke, and Jesper G. Sørensen. ""Reversibility of developmental heat and cold plasticity is asymmetric and has long-lasting consequences for adult thermal tolerance."" Journal of Experimental Biology 219, no. 17 (2016): 2726-2732.","Arthropoda","Insecta","Diptera","Drosophilidae","Drosophila","melanogaster","Drosophila melanogaster",0.019164956,"Age","terrestrial","terrestrial invertebrate","oviparous","embryo_and_juvenile","adult","yes","immobile",22,25,"E","lab",55.94512778,10.21258611,18,"fall",2010,NA,NA,22,"male",20,"no","CTmax","other",15,25,NA,"constant",NA,0.1,NA,NA,NA,NA,NA,NA,NA,NA,12,NA,NA,"Treatments were acclimated for different durations. Medians were presented",NA,"Data for adults acclimated to 25C for 22 days. mobility_life_stage_manip was taken as ""immobile"" because most of the life stages acclimated were immobile (embryos and pupae). Geographical coordinates were taken from Schou et al. 2014 (see citation in the paper) and elevant was inferred using https://latlongdata.com/elevation/. Season was taken as ""fall"" because animals were originally captured in October in Denmark. Endpoint was ""the temperature at which all capacity for movement ceased"". acc_duration not reported because the development time was not reported.  Animals who were first incubated at 25C were acclimated for longer than the animals incubated to 15C; hence why ""incubation_independent"" was taken as ""no"".",39.3435,1.8770101,20,39.48431,1.5049901,20,"sd","Data digitised from figure. The data presented were medians and not means. Raw data was presented in the supplement, but in PDF format (unusable).","no",1,1,39.25807375,39.97732625,0.955625396875,0.70240535625,34.7305550080109,35.5255067975217,0.780377538847258,0.739974322059287,"no",1.8770101,1.5049901,0.0140810000000002,0.00289408105830001,18.5885132183434,"no","drosophila melanogaster","Drosophila_melanogaster",505714,"Drosophila_melanogaster"
"PP",462,97,85,97,98,262,359,NA,"Fig2",NA,"051_Slotsbo_2016_Fig2","published",NA,"peer-reviewed","Slotsbo_et_al_2016","Reversibility of developmental heat and cold plasticity is asymmetric and has long-lasting consequences for adult thermal tolerance",2016,"Journal of Experimental Biology",NA,"10.1242/jeb.143750","Slotsbo, Stine, Mads F. Schou, Torsten N. Kristensen, Volker Loeschcke, and Jesper G. Sørensen. ""Reversibility of developmental heat and cold plasticity is asymmetric and has long-lasting consequences for adult thermal tolerance."" Journal of Experimental Biology 219, no. 17 (2016): 2726-2732.","Arthropoda","Insecta","Diptera","Drosophilidae","Drosophila","melanogaster","Drosophila melanogaster",0.019164956,"Age","terrestrial","terrestrial invertebrate","oviparous","embryo_and_juvenile","adult","yes","immobile",14,15,"E","lab",55.94512778,10.21258611,18,"fall",2010,NA,NA,14,"male",20,"no","CTmax","other",15,25,NA,"constant",NA,0.1,NA,NA,NA,NA,NA,NA,NA,NA,12,NA,NA,"Treatments were acclimated for different durations. Medians were presented",NA,"Data for adults acclimated to 15C for 14 days. mobility_life_stage_manip was taken as ""immobile"" because most of the life stages acclimated were immobile (embryos and pupae). Geographical coordinates were taken from Schou et al. 2014 (see citation in the paper) and elevant was inferred using https://latlongdata.com/elevation/. Season was taken as ""fall"" because animals were originally captured in October in Denmark. Endpoint was ""the temperature at which all capacity for movement ceased"". acc_duration not reported because the development time was not reported.  Animals who were first incubated at 15C were acclimated for longer than the animals incubated to 25C; hence why ""incubation_independent"" was taken as ""no"".",39.04286,0.6030213,20,40.20714,0.3585532,20,"sd","Data digitised from figure. The data presented were medians and not means. Raw data was presented in the supplement, but in PDF format (unusable).","no",1,1,39.25807375,39.97732625,0.955625396875,0.70240535625,34.7305550080109,35.5255067975217,0.780377538847258,0.739974322059287,"no",0.6030213,0.3585532,0.116428,0.000246097542741965,63.745034620935,"no","drosophila melanogaster","Drosophila_melanogaster",505714,"Drosophila_melanogaster"
"PP",476,97,85,97,98,276,373,NA,"Fig2",NA,"051_Slotsbo_2016_Fig2","published",NA,"peer-reviewed","Slotsbo_et_al_2016","Reversibility of developmental heat and cold plasticity is asymmetric and has long-lasting consequences for adult thermal tolerance",2016,"Journal of Experimental Biology",NA,"10.1242/jeb.143750","Slotsbo, Stine, Mads F. Schou, Torsten N. Kristensen, Volker Loeschcke, and Jesper G. Sørensen. ""Reversibility of developmental heat and cold plasticity is asymmetric and has long-lasting consequences for adult thermal tolerance."" Journal of Experimental Biology 219, no. 17 (2016): 2726-2732.","Arthropoda","Insecta","Diptera","Drosophilidae","Drosophila","melanogaster","Drosophila melanogaster",0.019164956,"Age","terrestrial","terrestrial invertebrate","oviparous","embryo_and_juvenile","adult","yes","immobile",10,25,"E","lab",55.94512778,10.21258611,18,"fall",2010,NA,NA,10,"male",20,"no","CTmax","other",15,25,NA,"constant",NA,0.1,NA,NA,NA,NA,NA,NA,NA,NA,12,NA,NA,"Treatments were acclimated for different durations. Medians were presented",NA,"Data for adults acclimated to 25C for 10 days. mobility_life_stage_manip was taken as ""immobile"" because most of the life stages acclimated were immobile (embryos and pupae). Geographical coordinates were taken from Schou et al. 2014 (see citation in the paper) and elevant was inferred using https://latlongdata.com/elevation/. Season was taken as ""fall"" because animals were originally captured in October in Denmark. Endpoint was ""the temperature at which all capacity for movement ceased"". acc_duration not reported because the development time was not reported.  Animals who were first incubated at 25C were acclimated for longer than the animals incubated to 15C; hence why ""incubation_independent"" was taken as ""no"".",39.82522,0.6764,20,39.95121,0.42275,20,"sd","Data digitised from figure. The data presented were medians and not means. Raw data was presented in the supplement, but in PDF format (unusable).","no",1,1,39.25807375,39.97732625,0.955625396875,0.70240535625,34.7305550080109,35.5255067975217,0.780377538847258,0.739974322059287,"no",0.6764,0.42275,0.0125990000000002,0.00031811726125,56.0668791413338,"no","drosophila melanogaster","Drosophila_melanogaster",505714,"Drosophila_melanogaster"
"PP",463,97,85,97,98,263,360,NA,"Fig2",NA,"051_Slotsbo_2016_Fig2","published",NA,"peer-reviewed","Slotsbo_et_al_2016","Reversibility of developmental heat and cold plasticity is asymmetric and has long-lasting consequences for adult thermal tolerance",2016,"Journal of Experimental Biology",NA,"10.1242/jeb.143750","Slotsbo, Stine, Mads F. Schou, Torsten N. Kristensen, Volker Loeschcke, and Jesper G. Sørensen. ""Reversibility of developmental heat and cold plasticity is asymmetric and has long-lasting consequences for adult thermal tolerance."" Journal of Experimental Biology 219, no. 17 (2016): 2726-2732.","Arthropoda","Insecta","Diptera","Drosophilidae","Drosophila","melanogaster","Drosophila melanogaster",0.019164956,"Age","terrestrial","terrestrial invertebrate","oviparous","embryo_and_juvenile","adult","yes","immobile",16,15,"E","lab",55.94512778,10.21258611,18,"fall",2010,NA,NA,16,"male",20,"no","CTmax","other",15,25,NA,"constant",NA,0.1,NA,NA,NA,NA,NA,NA,NA,NA,12,NA,NA,"Treatments were acclimated for different durations. Medians were presented",NA,"Data for adults acclimated to 15C for 16 days. mobility_life_stage_manip was taken as ""immobile"" because most of the life stages acclimated were immobile (embryos and pupae). Geographical coordinates were taken from Schou et al. 2014 (see citation in the paper) and elevant was inferred using https://latlongdata.com/elevation/. Season was taken as ""fall"" because animals were originally captured in October in Denmark. Endpoint was ""the temperature at which all capacity for movement ceased"". acc_duration not reported because the development time was not reported.  Animals who were first incubated at 15C were acclimated for longer than the animals incubated to 25C; hence why ""incubation_independent"" was taken as ""no"".",39.15,0.9941702,20,40.18571,0.6030213,20,"sd","Data digitised from figure. The data presented were medians and not means. Raw data was presented in the supplement, but in PDF format (unusable).","no",1,1,39.25807375,39.97732625,0.955625396875,0.70240535625,34.7305550080109,35.5255067975217,0.780377538847258,0.739974322059287,"no",0.9941702,0.6030213,0.103571,0.000676004537410865,38.4614093824527,"no","drosophila melanogaster","Drosophila_melanogaster",505714,"Drosophila_melanogaster"
"PP",475,97,85,97,98,275,372,NA,"Fig2",NA,"051_Slotsbo_2016_Fig2","published",NA,"peer-reviewed","Slotsbo_et_al_2016","Reversibility of developmental heat and cold plasticity is asymmetric and has long-lasting consequences for adult thermal tolerance",2016,"Journal of Experimental Biology",NA,"10.1242/jeb.143750","Slotsbo, Stine, Mads F. Schou, Torsten N. Kristensen, Volker Loeschcke, and Jesper G. Sørensen. ""Reversibility of developmental heat and cold plasticity is asymmetric and has long-lasting consequences for adult thermal tolerance."" Journal of Experimental Biology 219, no. 17 (2016): 2726-2732.","Arthropoda","Insecta","Diptera","Drosophilidae","Drosophila","melanogaster","Drosophila melanogaster",0.019164956,"Age","terrestrial","terrestrial invertebrate","oviparous","embryo_and_juvenile","adult","yes","immobile",8,25,"E","lab",55.94512778,10.21258611,18,"fall",2010,NA,NA,8,"male",20,"no","CTmax","other",15,25,NA,"constant",NA,0.1,NA,NA,NA,NA,NA,NA,NA,NA,12,NA,NA,"Treatments were acclimated for different durations. Medians were presented",NA,"Data for adults acclimated to 25C for 8 days. mobility_life_stage_manip was taken as ""immobile"" because most of the life stages acclimated were immobile (embryos and pupae). Geographical coordinates were taken from Schou et al. 2014 (see citation in the paper) and elevant was inferred using https://latlongdata.com/elevation/. Season was taken as ""fall"" because animals were originally captured in October in Denmark. Endpoint was ""the temperature at which all capacity for movement ceased"". acc_duration not reported because the development time was not reported.  Animals who were first incubated at 25C were acclimated for longer than the animals incubated to 15C; hence why ""incubation_independent"" was taken as ""no"".",39.35832,0.55803,20,40.4774,0.45657,20,"sd","Data digitised from figure. The data presented were medians and not means. Raw data was presented in the supplement, but in PDF format (unusable).","no",1,1,39.25807375,39.97732625,0.955625396875,0.70240535625,34.7305550080109,35.5255067975217,0.780377538847258,0.739974322059287,"no",0.55803,0.45657,0.111908,0.0002599268229,62.0260965432242,"no","drosophila melanogaster","Drosophila_melanogaster",505714,"Drosophila_melanogaster"
"PP",455,97,85,97,98,255,352,NA,"Fig2",NA,"051_Slotsbo_2016_Fig2","published",NA,"peer-reviewed","Slotsbo_et_al_2016","Reversibility of developmental heat and cold plasticity is asymmetric and has long-lasting consequences for adult thermal tolerance",2016,"Journal of Experimental Biology",NA,"10.1242/jeb.143750","Slotsbo, Stine, Mads F. Schou, Torsten N. Kristensen, Volker Loeschcke, and Jesper G. Sørensen. ""Reversibility of developmental heat and cold plasticity is asymmetric and has long-lasting consequences for adult thermal tolerance."" Journal of Experimental Biology 219, no. 17 (2016): 2726-2732.","Arthropoda","Insecta","Diptera","Drosophilidae","Drosophila","melanogaster","Drosophila melanogaster",0.019164956,"Age","terrestrial","terrestrial invertebrate","oviparous","embryo_and_juvenile","adult","yes","immobile",1,15,"E","lab",55.94512778,10.21258611,18,"fall",2010,NA,NA,1,"male",20,"no","CTmax","other",15,25,NA,"constant",NA,0.1,NA,NA,NA,NA,NA,NA,NA,NA,12,NA,NA,"Treatments were acclimated for different durations. Medians were presented",NA,"Data for adults acclimated to 15C for 24 hours. mobility_life_stage_manip was taken as ""immobile"" because most of the life stages acclimated were immobile (embryos and pupae). Geographical coordinates were taken from Schou et al. 2014 (see citation in the paper) and elevant was inferred using https://latlongdata.com/elevation/. Season was taken as ""fall"" because animals were originally captured in October in Denmark. Endpoint was ""the temperature at which all capacity for movement ceased"". acc_duration not reported because the development time was not reported.  Animals who were first incubated at 15C were acclimated for longer than the animals incubated to 25C; hence why ""incubation_independent"" was taken as ""no"".",38.96429,0.6193191,20,39.85714,0.2281702,20,"sd","Data digitised from figure. The data presented were medians and not means. Raw data was presented in the supplement, but in PDF format (unusable).","no",1,1,39.25807375,39.97732625,0.955625396875,0.70240535625,34.7305550080109,35.5255067975217,0.780377538847258,0.739974322059287,"no",0.6193191,0.2281702,0.0892850000000003,0.000217808893896425,67.7582522366206,"no","drosophila melanogaster","Drosophila_melanogaster",505714,"Drosophila_melanogaster"
"PP",474,97,85,97,98,274,371,NA,"Fig2",NA,"051_Slotsbo_2016_Fig2","published",NA,"peer-reviewed","Slotsbo_et_al_2016","Reversibility of developmental heat and cold plasticity is asymmetric and has long-lasting consequences for adult thermal tolerance",2016,"Journal of Experimental Biology",NA,"10.1242/jeb.143750","Slotsbo, Stine, Mads F. Schou, Torsten N. Kristensen, Volker Loeschcke, and Jesper G. Sørensen. ""Reversibility of developmental heat and cold plasticity is asymmetric and has long-lasting consequences for adult thermal tolerance."" Journal of Experimental Biology 219, no. 17 (2016): 2726-2732.","Arthropoda","Insecta","Diptera","Drosophilidae","Drosophila","melanogaster","Drosophila melanogaster",0.019164956,"Age","terrestrial","terrestrial invertebrate","oviparous","embryo_and_juvenile","adult","yes","immobile",6,25,"E","lab",55.94512778,10.21258611,18,"fall",2010,NA,NA,6,"male",20,"no","CTmax","other",15,25,NA,"constant",NA,0.1,NA,NA,NA,NA,NA,NA,NA,NA,12,NA,NA,"Treatments were acclimated for different durations. Medians were presented",NA,"Data for adults acclimated to 25C for 6 days. mobility_life_stage_manip was taken as ""immobile"" because most of the life stages acclimated were immobile (embryos and pupae). Geographical coordinates were taken from Schou et al. 2014 (see citation in the paper) and elevant was inferred using https://latlongdata.com/elevation/. Season was taken as ""fall"" because animals were originally captured in October in Denmark. Endpoint was ""the temperature at which all capacity for movement ceased"". acc_duration not reported because the development time was not reported.  Animals who were first incubated at 25C were acclimated for longer than the animals incubated to 15C; hence why ""incubation_independent"" was taken as ""no"".",39.90675,0.86241,20,41.01101,0.69331,20,"sd","Data digitised from figure. The data presented were medians and not means. Raw data was presented in the supplement, but in PDF format (unusable).","no",1,1,39.25807375,39.97732625,0.955625396875,0.70240535625,34.7305550080109,35.5255067975217,0.780377538847258,0.739974322059287,"no",0.86241,0.69331,0.110426,0.0006122148821,40.415509558849,"no","drosophila melanogaster","Drosophila_melanogaster",505714,"Drosophila_melanogaster"
"PP",500,99,94,101,102,287,397,"Treatments were re-used in stepwise comparisons.","Fig2.2",NA,"052_Stitt_2012_Fig2.2","published",NA,"not-peer-reviewed","Stitt_2012","Brook Trout (Salvelinus Fontinalis) Thermal Adaptive Potential: Physiological Implications for Climate Change",2012,"Thesis",2,NA,"Stitt, Bradley Creighton. Brook Trout (Salvelinus Fontinalis) Thermal Adaptive Potential: Physiological Implications for Climate Change. 2012.","Chordata","Actinopterygii","Salmoniformes","Salmonidae","Salvelinus","fontinalis","Salvelinus fontinalis",1.998631075,"Age","aquatic","fish","oviparous","juvenile","juvenile","no","mobile",NA,NA,"A","lab",45.79388889,-78.19111111,369,NA,NA,107.85,12.325,NA,"unknown",NA,NA,"CTmax","LOE",16.255,20.74,1,"fluctuating",28,0.33,NA,NA,NA,NA,NA,NA,NA,NA,NA,NA,"starved",NA,NA,"Data for the Dickson Lake strain. Mean acclimation temperatures were taken from Tab. 2.2. Body mass and body length (fork length) were averaged between acclimation treatments using data from Tab. 2.5",29.55823,0.1928931,10,30.27911,0.2104288,10,"sd","Data digitised from figure. The sample sizes were taken as ten because 56 individuals per strain per tank (2 tanks) were used.","no",3,1,28.7646333333333,29.4602588888889,0.274726522222222,0.268881266666667,34.7305550080109,35.5255067975217,0.780377538847258,0.739974322059287,"no",0.1928931,0.2104288,0.16073132664437,0.00040510622126797,49.6838845133061,"no","salvelinus fontinalis","Salvelinus_fontinalis",688339,"Salvelinus_fontinalis"
"PP",499,99,94,101,102,287,396,"Treatments were re-used in stepwise comparisons.","Fig2.2",NA,"052_Stitt_2012_Fig2.2","published",NA,"not-peer-reviewed","Stitt_2012","Brook Trout (Salvelinus Fontinalis) Thermal Adaptive Potential: Physiological Implications for Climate Change",2012,"Thesis",2,NA,"Stitt, Bradley Creighton. Brook Trout (Salvelinus Fontinalis) Thermal Adaptive Potential: Physiological Implications for Climate Change. 2012.","Chordata","Actinopterygii","Salmoniformes","Salmonidae","Salvelinus","fontinalis","Salvelinus fontinalis",1.998631075,"Age","aquatic","fish","oviparous","juvenile","juvenile","no","mobile",NA,NA,"A","lab",45.79388889,-78.19111111,369,NA,NA,111.35,13.37,NA,"unknown",NA,NA,"CTmax","LOE",12.57,16.255,1,"fluctuating",28,0.33,NA,NA,NA,NA,NA,NA,NA,NA,NA,NA,"starved",NA,NA,"Data for the Dickson Lake strain. Mean acclimation temperatures were taken from Tab. 2.2. Body mass and body length (fork length) were averaged between acclimation treatments using data from Tab. 2.5",28.56562,0.263036,10,29.55823,0.1928931,10,"sd","Data digitised from figure. The sample sizes were taken as ten because 56 individuals per strain per tank (2 tanks) were used.","no",3,1,28.7646333333333,29.4602588888889,0.274726522222222,0.268881266666667,34.7305550080109,35.5255067975217,0.780377538847258,0.739974322059287,"no",0.263036,0.1928931,0.269364993215739,0.000783518097119755,35.7252670634401,"no","salvelinus fontinalis","Salvelinus_fontinalis",688339,"Salvelinus_fontinalis"
"PP",497,99,94,100,101,286,394,"Treatments were re-used in stepwise comparisons.","Fig2.2",NA,"052_Stitt_2012_Fig2.2","published",NA,"not-peer-reviewed","Stitt_2012","Brook Trout (Salvelinus Fontinalis) Thermal Adaptive Potential: Physiological Implications for Climate Change",2012,"Thesis",2,NA,"Stitt, Bradley Creighton. Brook Trout (Salvelinus Fontinalis) Thermal Adaptive Potential: Physiological Implications for Climate Change. 2012.","Chordata","Actinopterygii","Salmoniformes","Salmonidae","Salvelinus","fontinalis","Salvelinus fontinalis",1.998631075,"Age","aquatic","fish","oviparous","juvenile","juvenile","no","mobile",NA,NA,"A","lab",47.73777778,-80.03777778,252,NA,NA,129.05,24.52,NA,"unknown",NA,NA,"CTmax","LOE",16.255,20.74,1,"fluctuating",28,0.33,NA,NA,NA,NA,NA,NA,NA,NA,NA,NA,"starved",NA,NA,"Data for the Hill's Lake strain. Mean acclimation temperatures were taken from Tab. 2.2. Body mass and body length (fork length) were averaged between acclimation treatments using data from Tab. 2.5",29.84658,0.263036,10,30.3512,0.3156432,10,"sd","Data digitised from figure. The sample sizes were taken as ten because 56 individuals per strain per tank (2 tanks) were used.","no",3,1,28.7646333333333,29.4602588888889,0.274726522222222,0.268881266666667,34.7305550080109,35.5255067975217,0.780377538847258,0.739974322059287,"no",0.263036,0.3156432,0.11251282051282,0.000839257661807114,34.5185339730345,"no","salvelinus fontinalis","Salvelinus_fontinalis",688339,"Salvelinus_fontinalis"
"PP",495,99,94,100,101,286,392,"Treatments were re-used in stepwise comparisons.","Fig2.2",NA,"052_Stitt_2012_Fig2.2","published",NA,"not-peer-reviewed","Stitt_2012","Brook Trout (Salvelinus Fontinalis) Thermal Adaptive Potential: Physiological Implications for Climate Change",2012,"Thesis",2,NA,"Stitt, Bradley Creighton. Brook Trout (Salvelinus Fontinalis) Thermal Adaptive Potential: Physiological Implications for Climate Change. 2012.","Chordata","Actinopterygii","Salmoniformes","Salmonidae","Salvelinus","fontinalis","Salvelinus fontinalis",1.998631075,"Age","aquatic","fish","oviparous","juvenile","juvenile","no","mobile",NA,NA,"A","lab",47.73777778,-80.03777778,252,NA,NA,122.95,20.84,NA,"unknown",NA,NA,"CTmax","LOE",8.12,12.57,1,"fluctuating",28,0.33,NA,NA,NA,NA,NA,NA,NA,NA,NA,NA,"starved",NA,NA,"Data for the Hill's Lake strain. Mean acclimation temperatures were taken from Tab. 2.2. Body mass and body length (fork length) were averaged between acclimation treatments using data from Tab. 2.5",28.37153,0.333179,10,28.69316,0.2981075,10,"sd","Data digitised from figure. The sample sizes were taken as ten because 56 individuals per strain per tank (2 tanks) were used.","no",3,1,28.7646333333333,29.4602588888889,0.274726522222222,0.268881266666667,34.7305550080109,35.5255067975217,0.780377538847258,0.739974322059287,"no",0.333179,0.2981075,0.0722764044943818,0.00100934895895594,31.4759850444554,"no","salvelinus fontinalis","Salvelinus_fontinalis",688339,"Salvelinus_fontinalis"
"PP",494,99,94,99,100,285,391,"Treatments were re-used in stepwise comparisons.","Fig2.2",NA,"052_Stitt_2012_Fig2.2","published",NA,"not-peer-reviewed","Stitt_2012","Brook Trout (Salvelinus Fontinalis) Thermal Adaptive Potential: Physiological Implications for Climate Change",2012,"Thesis",2,NA,"Stitt, Bradley Creighton. Brook Trout (Salvelinus Fontinalis) Thermal Adaptive Potential: Physiological Implications for Climate Change. 2012.","Chordata","Actinopterygii","Salmoniformes","Salmonidae","Salvelinus","fontinalis","Salvelinus fontinalis",1.998631075,"Age","aquatic","fish","oviparous","juvenile","juvenile","no","mobile",NA,NA,"A","lab",49.8,-88.54972222,241,NA,NA,111.55,13.355,NA,"unknown",NA,NA,"CTmax","LOE",16.255,20.74,1,"fluctuating",28,0.33,NA,NA,NA,NA,NA,NA,NA,NA,NA,NA,"starved",NA,NA,"Data for the Lake Nipigon strain. Mean acclimation temperatures were taken from Tab. 2.2. Body mass and body length (fork length) were averaged between acclimation treatments using data from Tab. 2.5",29.54159,0.2104288,10,29.85213,0.2981075,10,"sd","Data digitised from figure. The sample sizes were taken as ten because 56 individuals per strain per tank (2 tanks) were used.","no",3,1,28.7646333333333,29.4602588888889,0.274726522222222,0.268881266666667,34.7305550080109,35.5255067975217,0.780377538847258,0.739974322059287,"no",0.2104288,0.2981075,0.0692396878483834,0.000661928272866399,38.8682094424825,"no","salvelinus fontinalis","Salvelinus_fontinalis",688339,"Salvelinus_fontinalis"
"PP",493,99,94,99,100,285,390,"Treatments were re-used in stepwise comparisons.","Fig2.2",NA,"052_Stitt_2012_Fig2.2","published",NA,"not-peer-reviewed","Stitt_2012","Brook Trout (Salvelinus Fontinalis) Thermal Adaptive Potential: Physiological Implications for Climate Change",2012,"Thesis",2,NA,"Stitt, Bradley Creighton. Brook Trout (Salvelinus Fontinalis) Thermal Adaptive Potential: Physiological Implications for Climate Change. 2012.","Chordata","Actinopterygii","Salmoniformes","Salmonidae","Salvelinus","fontinalis","Salvelinus fontinalis",1.998631075,"Age","aquatic","fish","oviparous","juvenile","juvenile","no","mobile",NA,NA,"A","lab",49.8,-88.54972222,241,NA,NA,113.05,13.52,NA,"unknown",NA,NA,"CTmax","LOE",12.57,16.255,1,"fluctuating",28,0.33,NA,NA,NA,NA,NA,NA,NA,NA,NA,NA,"starved",NA,NA,"Data for the Lake Nipigon strain. Mean acclimation temperatures were taken from Tab. 2.2. Body mass and body length (fork length) were averaged between acclimation treatments using data from Tab. 2.4",28.45471,0.3682505,10,29.54159,0.2104288,10,"sd","Data digitised from figure. The sample sizes were taken as ten because 56 individuals per strain per tank (2 tanks) were used.","no",3,1,28.7646333333333,29.4602588888889,0.274726522222222,0.268881266666667,34.7305550080109,35.5255067975217,0.780377538847258,0.739974322059287,"no",0.3682505,0.2104288,0.294947082767979,0.00132473473721578,27.4748631382257,"no","salvelinus fontinalis","Salvelinus_fontinalis",688339,"Salvelinus_fontinalis"
"PP",496,99,94,100,101,286,393,"Treatments were re-used in stepwise comparisons.","Fig2.2",NA,"052_Stitt_2012_Fig2.2","published",NA,"not-peer-reviewed","Stitt_2012","Brook Trout (Salvelinus Fontinalis) Thermal Adaptive Potential: Physiological Implications for Climate Change",2012,"Thesis",2,NA,"Stitt, Bradley Creighton. Brook Trout (Salvelinus Fontinalis) Thermal Adaptive Potential: Physiological Implications for Climate Change. 2012.","Chordata","Actinopterygii","Salmoniformes","Salmonidae","Salvelinus","fontinalis","Salvelinus fontinalis",1.998631075,"Age","aquatic","fish","oviparous","juvenile","juvenile","no","mobile",NA,NA,"A","lab",47.73777778,-80.03777778,252,NA,NA,127.5,23.145,NA,"unknown",NA,NA,"CTmax","LOE",12.57,16.255,1,"fluctuating",28,0.33,NA,NA,NA,NA,NA,NA,NA,NA,NA,NA,"starved",NA,NA,"Data for the Hill's Lake strain. Mean acclimation temperatures were taken from Tab. 2.2. Body mass and body length (fork length) were averaged between acclimation treatments using data from Tab. 2.5",28.69316,0.2981075,10,29.84658,0.263036,10,"sd","Data digitised from figure. The sample sizes were taken as ten because 56 individuals per strain per tank (2 tanks) were used.","no",3,1,28.7646333333333,29.4602588888889,0.274726522222222,0.268881266666667,34.7305550080109,35.5255067975217,0.780377538847258,0.739974322059287,"no",0.2981075,0.263036,0.31300407055631,0.00116395463549834,29.3110902632673,"no","salvelinus fontinalis","Salvelinus_fontinalis",688339,"Salvelinus_fontinalis"
"PP",492,99,94,99,100,285,389,"Treatments were re-used in stepwise comparisons. Three different populations were used in this study.","Fig2.2",NA,"052_Stitt_2012_Fig2.2","published",NA,"not-peer-reviewed","Stitt_2012","Brook Trout (Salvelinus Fontinalis) Thermal Adaptive Potential: Physiological Implications for Climate Change",2012,"Thesis",2,NA,"Stitt, Bradley Creighton. Brook Trout (Salvelinus Fontinalis) Thermal Adaptive Potential: Physiological Implications for Climate Change. 2012.","Chordata","Actinopterygii","Salmoniformes","Salmonidae","Salvelinus","fontinalis","Salvelinus fontinalis",1.998631075,"Age","aquatic","fish","oviparous","juvenile","juvenile","no","mobile",NA,NA,"A","lab",49.8,-88.54972222,241,NA,NA,110.8,12.65,NA,"unknown",NA,NA,"CTmax","LOE",8.12,12.57,1,"fluctuating",28,0.33,NA,NA,NA,NA,NA,NA,NA,NA,NA,NA,"starved",NA,NA,"Data for the Lake Nipigon strain. Mean acclimation temperatures were taken from Tab. 2.2. Body mass and body length (fork length) were averaged between acclimation treatments using data from Tab. 2.3",27.80037,0.2279646,10,28.45471,0.3682505,10,"sd","Data digitised from figure. The sample sizes were taken as ten because 56 individuals per strain per tank (2 tanks) were used.","no",3,1,28.7646333333333,29.4602588888889,0.274726522222222,0.268881266666667,34.7305550080109,35.5255067975217,0.780377538847258,0.739974322059287,"no",0.2279646,0.3682505,0.147042696629213,0.000947235397568034,32.4915956950086,"no","salvelinus fontinalis","Salvelinus_fontinalis",688339,"Salvelinus_fontinalis"
"PP",498,99,94,101,102,287,395,"Treatments were re-used in stepwise comparisons.","Fig2.2",NA,"052_Stitt_2012_Fig2.2","published",NA,"not-peer-reviewed","Stitt_2012","Brook Trout (Salvelinus Fontinalis) Thermal Adaptive Potential: Physiological Implications for Climate Change",2012,"Thesis",2,NA,"Stitt, Bradley Creighton. Brook Trout (Salvelinus Fontinalis) Thermal Adaptive Potential: Physiological Implications for Climate Change. 2012.","Chordata","Actinopterygii","Salmoniformes","Salmonidae","Salvelinus","fontinalis","Salvelinus fontinalis",1.998631075,"Age","aquatic","fish","oviparous","juvenile","juvenile","no","mobile",NA,NA,"A","lab",45.79388889,-78.19111111,369,NA,NA,113.9,14.285,NA,"unknown",NA,NA,"CTmax","LOE",8.12,12.57,1,"fluctuating",28,0.33,NA,NA,NA,NA,NA,NA,NA,NA,NA,NA,"starved",NA,NA,"Data for the Dickson Lake strain. Mean acclimation temperatures were taken from Tab. 2.2. Body mass and body length (fork length) were averaged between acclimation treatments using data from Tab. 2.5",28.04991,0.3156432,10,28.56562,0.263036,10,"sd","Data digitised from figure. The sample sizes were taken as ten because 56 individuals per strain per tank (2 tanks) were used.","no",3,1,28.7646333333333,29.4602588888889,0.274726522222222,0.268881266666667,34.7305550080109,35.5255067975217,0.780377538847258,0.739974322059287,"no",0.3156432,0.263036,0.115889887640449,0.000852511384937457,34.2491585685626,"no","salvelinus fontinalis","Salvelinus_fontinalis",688339,"Salvelinus_fontinalis"
"PP",517,103,97,105,106,291,414,"Treatments were re-used in stepwise comparisons. Two populations were used in this study.","Fig5",NA,"053_Troia_2015_Fig5","published",NA,"peer-reviewed","Troia_et_al_2015","Thermal performance of larval longfin dace (Agosia chrysogaster), with implications for climate change",2015,"Environmental Biology of Fishes",NA,"10.1007/s10641-014-0270-7","Troia, Matthew J., James E. Whitney, and Keith B. Gido. ""Thermal performance of larval longfin dace (Agosia chrysogaster), with implications for climate change."" Environmental biology of fishes 98, no. 1 (2015): 395-404.","Chordata","Actinopterygii","Cypriniformes","Leuciscidae","Agosia","chrysogaster","Agosia chrysogaster",1,"https://en.wikipedia.org/wiki/Yaqui_longfin_dace","aquatic","fish","oviparous","juvenile","juvenile","yes","mobile",1.5,24,"F","lab",32.63916667,-108.92,1239,"spring",2013,NA,NA,22,"unknown",NA,NA,"CTmax","LRR",23.1,23.7,NA,"constant",22,0.7,NA,NA,NA,NA,NA,NA,NA,NA,NA,NA,NA,NA,NA,"Data for the downstream population. Geographical coordinates were approximated from Google Earth.  Season was taken as ""spring"" because animals were collected in March in New Mexico (USA).",36.95597,1.5445422,4,36.56012,0.4226135,5,"sd","Data digitised from figure. Sample sizes were taken as the number of distinguishable data points.","no",8,1,36.8865329411765,37.31496,0.794227311764706,0.826144682352941,34.7305550080109,35.5255067975217,0.780377538847258,0.739974322059287,"no",1.5445422,0.4226135,-0.659750000000007,1.7558974610324,0.754658424482292,"no","agosia chrysogaster","Agosia_chrysogaster",308519,"Agosia_chrysogaster"
"PP",510,103,97,104,105,290,407,"Treatments were re-used in stepwise comparisons. Two populations were used in this study.","Fig5",NA,"053_Troia_2015_Fig5","published",NA,"peer-reviewed","Troia_et_al_2015","Thermal performance of larval longfin dace (Agosia chrysogaster), with implications for climate change",2015,"Environmental Biology of Fishes",NA,"10.1007/s10641-014-0270-7","Troia, Matthew J., James E. Whitney, and Keith B. Gido. ""Thermal performance of larval longfin dace (Agosia chrysogaster), with implications for climate change."" Environmental biology of fishes 98, no. 1 (2015): 395-404.","Chordata","Actinopterygii","Cypriniformes","Leuciscidae","Agosia","chrysogaster","Agosia chrysogaster",1,"https://en.wikipedia.org/wiki/Yaqui_longfin_dace","aquatic","fish","oviparous","juvenile","juvenile","yes","mobile",1.5,24,"F","lab",32.63805556,-108.9086111,1329,"spring",2013,NA,NA,22,"unknown",NA,NA,"CTmax","LRR",25.4,26.4,NA,"constant",22,0.7,NA,NA,NA,NA,NA,NA,NA,NA,NA,NA,NA,NA,NA,"Data for the upstream population. Geographical coordinates were approximated from Google Earth.  Season was taken as ""spring"" because animals were collected in March in New Mexico (USA).",37.60146,0.448708,5,36.83115,1.5979719,5,"sd","Data digitised from figure. Sample sizes were taken as the number of distinguishable data points.","no",9,1,36.8865329411765,37.31496,0.794227311764706,0.826144682352941,34.7305550080109,35.5255067975217,0.780377538847258,0.739974322059287,"no",0.448708,1.5979719,-0.770310000000002,0.550970612490722,1.34721150318522,"no","agosia chrysogaster","Agosia_chrysogaster",308519,"Agosia_chrysogaster"
"PP",512,103,97,104,105,290,409,"Treatments were re-used in stepwise comparisons. Two populations were used in this study.","Fig5",NA,"053_Troia_2015_Fig5","published",NA,"peer-reviewed","Troia_et_al_2015","Thermal performance of larval longfin dace (Agosia chrysogaster), with implications for climate change",2015,"Environmental Biology of Fishes",NA,"10.1007/s10641-014-0270-7","Troia, Matthew J., James E. Whitney, and Keith B. Gido. ""Thermal performance of larval longfin dace (Agosia chrysogaster), with implications for climate change."" Environmental biology of fishes 98, no. 1 (2015): 395-404.","Chordata","Actinopterygii","Cypriniformes","Leuciscidae","Agosia","chrysogaster","Agosia chrysogaster",1,"https://en.wikipedia.org/wiki/Yaqui_longfin_dace","aquatic","fish","oviparous","juvenile","juvenile","yes","mobile",1.5,24,"F","lab",32.63805556,-108.9086111,1329,"spring",2013,NA,NA,22,"unknown",NA,NA,"CTmax","LRR",28.8,29.4,NA,"constant",22,0.7,NA,NA,NA,NA,NA,NA,NA,NA,NA,NA,NA,NA,NA,"Data for the upstream population. Geographical coordinates were approximated from Google Earth.  Season was taken as ""spring"" because animals were collected in March in New Mexico (USA).",38.62955,0.8785022,4,38.16798,1.6462054,5,"sd","Data digitised from figure. Sample sizes were taken as the number of distinguishable data points.","no",9,1,36.8865329411765,37.31496,0.794227311764706,0.826144682352941,34.7305550080109,35.5255067975217,0.780377538847258,0.739974322059287,"no",0.8785022,1.6462054,-0.769283333333339,2.04149992402513,0.699882792473987,"no","agosia chrysogaster","Agosia_chrysogaster",308519,"Agosia_chrysogaster"
"PP",507,103,97,104,105,290,404,"Treatments were re-used in stepwise comparisons. Two populations were used in this study.","Fig5",NA,"053_Troia_2015_Fig5","published",NA,"peer-reviewed","Troia_et_al_2015","Thermal performance of larval longfin dace (Agosia chrysogaster), with implications for climate change",2015,"Environmental Biology of Fishes",NA,"10.1007/s10641-014-0270-7","Troia, Matthew J., James E. Whitney, and Keith B. Gido. ""Thermal performance of larval longfin dace (Agosia chrysogaster), with implications for climate change."" Environmental biology of fishes 98, no. 1 (2015): 395-404.","Chordata","Actinopterygii","Cypriniformes","Leuciscidae","Agosia","chrysogaster","Agosia chrysogaster",1,"https://en.wikipedia.org/wiki/Yaqui_longfin_dace","aquatic","fish","oviparous","juvenile","juvenile","yes","mobile",1.5,24,"F","lab",32.63805556,-108.9086111,1329,"spring",2013,NA,NA,22,"unknown",NA,NA,"CTmax","LRR",21.5,23.1,NA,"constant",22,0.7,NA,NA,NA,NA,NA,NA,NA,NA,NA,NA,NA,NA,NA,"Data for the upstream population. Geographical coordinates were approximated from Google Earth.  Season was taken as ""spring"" because animals were collected in March in New Mexico (USA).",35.44338,0.5082066,5,35.3048,0.7908115,5,"sd","Data digitised from figure. Sample sizes were taken as the number of distinguishable data points.","no",9,1,36.8865329411765,37.31496,0.794227311764706,0.826144682352941,34.7305550080109,35.5255067975217,0.780377538847258,0.739974322059287,"no",0.5082066,0.7908115,-0.0866124999999983,0.069035685688735,3.80595087710424,"no","agosia chrysogaster","Agosia_chrysogaster",308519,"Agosia_chrysogaster"
"PP",509,103,97,104,105,290,406,"Treatments were re-used in stepwise comparisons. Two populations were used in this study.","Fig5",NA,"053_Troia_2015_Fig5","published",NA,"peer-reviewed","Troia_et_al_2015","Thermal performance of larval longfin dace (Agosia chrysogaster), with implications for climate change",2015,"Environmental Biology of Fishes",NA,"10.1007/s10641-014-0270-7","Troia, Matthew J., James E. Whitney, and Keith B. Gido. ""Thermal performance of larval longfin dace (Agosia chrysogaster), with implications for climate change."" Environmental biology of fishes 98, no. 1 (2015): 395-404.","Chordata","Actinopterygii","Cypriniformes","Leuciscidae","Agosia","chrysogaster","Agosia chrysogaster",1,"https://en.wikipedia.org/wiki/Yaqui_longfin_dace","aquatic","fish","oviparous","juvenile","juvenile","yes","mobile",1.5,24,"F","lab",32.63805556,-108.9086111,1329,"spring",2013,NA,NA,22,"unknown",NA,NA,"CTmax","LRR",23.7,25.4,NA,"constant",22,0.7,NA,NA,NA,NA,NA,NA,NA,NA,NA,NA,NA,NA,NA,"Data for the upstream population. Geographical coordinates were approximated from Google Earth.  Season was taken as ""spring"" because animals were collected in March in New Mexico (USA).",36.64571,1.1254232,5,37.60146,0.448708,5,"sd","Data digitised from figure. Sample sizes were taken as the number of distinguishable data points.","no",9,1,36.8865329411765,37.31496,0.794227311764706,0.826144682352941,34.7305550080109,35.5255067975217,0.780377538847258,0.739974322059287,"no",1.1254232,0.448708,0.562205882352943,0.10158589954064,3.13749675049634,"no","agosia chrysogaster","Agosia_chrysogaster",308519,"Agosia_chrysogaster"
"PP",508,103,97,104,105,290,405,"Treatments were re-used in stepwise comparisons. Two populations were used in this study.","Fig5",NA,"053_Troia_2015_Fig5","published",NA,"peer-reviewed","Troia_et_al_2015","Thermal performance of larval longfin dace (Agosia chrysogaster), with implications for climate change",2015,"Environmental Biology of Fishes",NA,"10.1007/s10641-014-0270-7","Troia, Matthew J., James E. Whitney, and Keith B. Gido. ""Thermal performance of larval longfin dace (Agosia chrysogaster), with implications for climate change."" Environmental biology of fishes 98, no. 1 (2015): 395-404.","Chordata","Actinopterygii","Cypriniformes","Leuciscidae","Agosia","chrysogaster","Agosia chrysogaster",1,"https://en.wikipedia.org/wiki/Yaqui_longfin_dace","aquatic","fish","oviparous","juvenile","juvenile","yes","mobile",1.5,24,"F","lab",32.63805556,-108.9086111,1329,"spring",2013,NA,NA,22,"unknown",NA,NA,"CTmax","LRR",23.1,23.7,NA,"constant",22,0.7,NA,NA,NA,NA,NA,NA,NA,NA,NA,NA,NA,NA,NA,"Data for the upstream population. Geographical coordinates were approximated from Google Earth.  Season was taken as ""spring"" because animals were collected in March in New Mexico (USA).",35.3048,0.7908115,5,36.64571,1.1254232,5,"sd","Data digitised from figure. Sample sizes were taken as the number of distinguishable data points.","no",9,1,36.8865329411765,37.31496,0.794227311764706,0.826144682352941,34.7305550080109,35.5255067975217,0.780377538847258,0.739974322059287,"no",0.7908115,1.1254232,2.23485000000001,1.05108900423917,0.975394390399894,"no","agosia chrysogaster","Agosia_chrysogaster",308519,"Agosia_chrysogaster"
"PP",521,103,97,105,106,291,418,"Treatments were re-used in stepwise comparisons. Two populations were used in this study.","Fig5",NA,"053_Troia_2015_Fig5","published",NA,"peer-reviewed","Troia_et_al_2015","Thermal performance of larval longfin dace (Agosia chrysogaster), with implications for climate change",2015,"Environmental Biology of Fishes",NA,"10.1007/s10641-014-0270-7","Troia, Matthew J., James E. Whitney, and Keith B. Gido. ""Thermal performance of larval longfin dace (Agosia chrysogaster), with implications for climate change."" Environmental biology of fishes 98, no. 1 (2015): 395-404.","Chordata","Actinopterygii","Cypriniformes","Leuciscidae","Agosia","chrysogaster","Agosia chrysogaster",1,"https://en.wikipedia.org/wiki/Yaqui_longfin_dace","aquatic","fish","oviparous","juvenile","juvenile","yes","mobile",1.5,24,"F","lab",32.63916667,-108.92,1239,"spring",2013,NA,NA,22,"unknown",NA,NA,"CTmax","LRR",28.8,29.4,NA,"constant",22,0.7,NA,NA,NA,NA,NA,NA,NA,NA,NA,NA,NA,NA,NA,"Data for the downstream population. Geographical coordinates were approximated from Google Earth.  Season was taken as ""spring"" because animals were collected in March in New Mexico (USA).",38.83028,0.5604261,5,38.82009,1.0391115,5,"sd","Data digitised from figure. Sample sizes were taken as the number of distinguishable data points.","no",8,1,36.8865329411765,37.31496,0.794227311764706,0.826144682352941,34.7305550080109,35.5255067975217,0.780377538847258,0.739974322059287,"no",0.5604261,1.0391115,-0.0169833333333359,0.774350068329705,1.13640027329446,"no","agosia chrysogaster","Agosia_chrysogaster",308519,"Agosia_chrysogaster"
"PP",511,103,97,104,105,290,408,"Treatments were re-used in stepwise comparisons. Two populations were used in this study.","Fig5",NA,"053_Troia_2015_Fig5","published",NA,"peer-reviewed","Troia_et_al_2015","Thermal performance of larval longfin dace (Agosia chrysogaster), with implications for climate change",2015,"Environmental Biology of Fishes",NA,"10.1007/s10641-014-0270-7","Troia, Matthew J., James E. Whitney, and Keith B. Gido. ""Thermal performance of larval longfin dace (Agosia chrysogaster), with implications for climate change."" Environmental biology of fishes 98, no. 1 (2015): 395-404.","Chordata","Actinopterygii","Cypriniformes","Leuciscidae","Agosia","chrysogaster","Agosia chrysogaster",1,"https://en.wikipedia.org/wiki/Yaqui_longfin_dace","aquatic","fish","oviparous","juvenile","juvenile","yes","mobile",1.5,24,"F","lab",32.63805556,-108.9086111,1329,"spring",2013,NA,NA,22,"unknown",NA,NA,"CTmax","LRR",26.4,28.8,NA,"constant",22,0.7,NA,NA,NA,NA,NA,NA,NA,NA,NA,NA,NA,NA,NA,"Data for the upstream population. Geographical coordinates were approximated from Google Earth.  Season was taken as ""spring"" because animals were collected in March in New Mexico (USA).",36.83115,1.5979719,5,38.62955,0.8785022,4,"sd","Data digitised from figure. Sample sizes were taken as the number of distinguishable data points.","no",9,1,36.8865329411765,37.31496,0.794227311764706,0.826144682352941,34.7305550080109,35.5255067975217,0.780377538847258,0.739974322059287,"no",1.5979719,0.8785022,0.749333333333333,0.122160480466863,2.86111051805666,"no","agosia chrysogaster","Agosia_chrysogaster",308519,"Agosia_chrysogaster"
"PP",515,103,97,105,106,291,412,"Treatments were re-used in stepwise comparisons. Two populations were used in this study.","Fig5",NA,"053_Troia_2015_Fig5","published",NA,"peer-reviewed","Troia_et_al_2015","Thermal performance of larval longfin dace (Agosia chrysogaster), with implications for climate change",2015,"Environmental Biology of Fishes",NA,"10.1007/s10641-014-0270-7","Troia, Matthew J., James E. Whitney, and Keith B. Gido. ""Thermal performance of larval longfin dace (Agosia chrysogaster), with implications for climate change."" Environmental biology of fishes 98, no. 1 (2015): 395-404.","Chordata","Actinopterygii","Cypriniformes","Leuciscidae","Agosia","chrysogaster","Agosia chrysogaster",1,"https://en.wikipedia.org/wiki/Yaqui_longfin_dace","aquatic","fish","oviparous","juvenile","juvenile","yes","mobile",1.5,24,"F","lab",32.63916667,-108.92,1239,"spring",2013,NA,NA,22,"unknown",NA,NA,"CTmax","LRR",20.4,21.5,NA,"constant",22,0.7,NA,NA,NA,NA,NA,NA,NA,NA,NA,NA,NA,NA,NA,"Data for the downstream population. Geographical coordinates were approximated from Google Earth.  Season was taken as ""spring"" because animals were collected in March in New Mexico (USA).",35.51674,0.189941,5,35.73683,0.3233856,5,"sd","Data digitised from figure. Sample sizes were taken as the number of distinguishable data points.","no",8,1,36.8865329411765,37.31496,0.794227311764706,0.826144682352941,34.7305550080109,35.5255067975217,0.780377538847258,0.739974322059287,"no",0.189941,0.3233856,0.200081818181817,0.0232488974823735,6.5584138600461,"no","agosia chrysogaster","Agosia_chrysogaster",308519,"Agosia_chrysogaster"
"PP",514,103,97,104,105,290,411,"Treatments were re-used in stepwise comparisons. Two populations were used in this study.","Fig5",NA,"053_Troia_2015_Fig5","published",NA,"peer-reviewed","Troia_et_al_2015","Thermal performance of larval longfin dace (Agosia chrysogaster), with implications for climate change",2015,"Environmental Biology of Fishes",NA,"10.1007/s10641-014-0270-7","Troia, Matthew J., James E. Whitney, and Keith B. Gido. ""Thermal performance of larval longfin dace (Agosia chrysogaster), with implications for climate change."" Environmental biology of fishes 98, no. 1 (2015): 395-404.","Chordata","Actinopterygii","Cypriniformes","Leuciscidae","Agosia","chrysogaster","Agosia chrysogaster",1,"https://en.wikipedia.org/wiki/Yaqui_longfin_dace","aquatic","fish","oviparous","juvenile","juvenile","yes","mobile",1.5,24,"F","lab",32.63805556,-108.9086111,1329,"spring",2013,NA,NA,22,"unknown",NA,NA,"CTmax","LRR",18,20.4,NA,"constant",22,0.7,NA,NA,NA,NA,NA,NA,NA,NA,NA,NA,NA,NA,NA,"Data for the downstream population. Geographical coordinates were approximated from Google Earth.  Season was taken as ""spring"" because animals were collected in March in New Mexico (USA).",34.26346,0.3173417,5,35.51674,0.189941,5,"sd","Data digitised from figure. Sample sizes were taken as the number of distinguishable data points.","no",9,1,36.8865329411765,37.31496,0.794227311764706,0.826144682352941,34.7305550080109,35.5255067975217,0.780377538847258,0.739974322059287,"no",0.3173417,0.189941,0.522199999999999,0.00474942145971841,14.5104086981549,"no","agosia chrysogaster","Agosia_chrysogaster",308519,"Agosia_chrysogaster"
"RZ",1055,117,108,235,252,578,923,"Treatments were re-used in stepwise comparisons.","Tab1",NA,NA,"published",NA,"peer-reviewed","Zhang_and_Kieffer_2014","Critical thermal maximum (CTmax) and hematology of shortnose sturgeons (Acipenser brevirostrum) acclimated to three temperatures",2014,"Canadian Journal of Zoology",NA,"dx.doi.org/10.1139/cjz-2013-0223","Zhang, Yueyang, and James D. Kieffer. ""Critical thermal maximum (CTmax) and hematology of shortnose sturgeons (Acipenser brevirostrum) acclimated to three temperatures."" Canadian journal of zoology 92, no. 3 (2014): 215-221.","Chordata","Actinopterygii","Acipenseriformes","Acipenseridae","Acipenser","brevirostrum","Acipenser brevirostrum",15.4880219,"Age","aquatic","fish","oviparous","juvenile","juvenile","no","mobile",NA,NA,"A","commercial_supplier",NA,NA,NA,NA,NA,NA,NA,NA,"unknown",NA,"yes","CTmax","LOE",15,20,NA,"constant",17.5,0.1,NA,NA,NA,NA,NA,NA,NA,NA,12,NA,"starved",NA,NA,"Fish were acclimated for 2-3 weeks, and this was averaged as 17.5 days.",31.5,0.91,8,32.8,1.17,8,"sd","Data taken from table.","no",2,1,29.55,32.15,0.63,1.04,34.7305550080109,35.5255067975217,0.780377538847258,0.739974322059287,"no",0.91,1.17,0.259999999999999,0.010985,9.54113342993911,"no","acipenser brevirostrum","Acipenser_brevirostrum",82746,"Acipenser_brevirostrum"
"RZ",1054,117,108,235,252,578,922,"Treatments were re-used in stepwise comparisons.","Tab1",NA,NA,"published",NA,"peer-reviewed","Zhang_and_Kieffer_2014","Critical thermal maximum (CTmax) and hematology of shortnose sturgeons (Acipenser brevirostrum) acclimated to three temperatures",2014,"Canadian Journal of Zoology",NA,"dx.doi.org/10.1139/cjz-2013-0223","Zhang, Yueyang, and James D. Kieffer. ""Critical thermal maximum (CTmax) and hematology of shortnose sturgeons (Acipenser brevirostrum) acclimated to three temperatures."" Canadian journal of zoology 92, no. 3 (2014): 215-221.","Chordata","Actinopterygii","Acipenseriformes","Acipenseridae","Acipenser","brevirostrum","Acipenser brevirostrum",15.4880219,"Age","aquatic","fish","oviparous","juvenile","juvenile","no","mobile",NA,NA,"A","commercial_supplier",NA,NA,NA,NA,NA,NA,NA,NA,"unknown",NA,"yes","CTmax","LOE",10,15,NA,"constant",17.5,0.1,NA,NA,NA,NA,NA,NA,NA,NA,12,NA,"starved",NA,NA,"Fish were acclimated for 2-3 weeks, and this was averaged as 17.5 days.",27.6,0.35,8,31.5,0.91,8,"sd","Data taken from table.","no",2,1,29.55,32.15,0.63,1.04,34.7305550080109,35.5255067975217,0.780377538847258,0.739974322059287,"no",0.35,0.91,0.78,0.004753,14.5049452161946,"no","acipenser brevirostrum","Acipenser_brevirostrum",82746,"Acipenser_brevirostrum"
"RZ",1060,120,108,237,254,581,926,"Treatments were re-used in stepwise comparisons. The same animals were used to measure CTmax and LTmax, hence the shared cohort_IDs.","Tab2",NA,NA,"published",NA,"peer-reviewed","Ziegeweid_et_al_2008","Thermal maxima for juvenile shortnose sturgeon acclimated to different temperatures",2008,"Environmental Biology of Fishes",NA,"10.1007/s10641-007-9292-8","Ziegeweid, Jeffrey R., Cecil A. Jennings, and Douglas L. Peterson. ""Thermal maxima for juvenile shortnose sturgeon acclimated to different temperatures."" Environmental Biology of Fishes 82, no. 3 (2008): 299-307.","Chordata","Actinopterygii","Acipenseriformes","Acipenseridae","Acipenser","brevirostrum","Acipenser brevirostrum",15.4880219,"Age","aquatic","fish","oviparous","juvenile","juvenile","no","mobile",NA,NA,"A","hatchery",NA,NA,NA,NA,NA,NA,17.8,134.5,"unknown",NA,NA,"CTmax","LOE",19.5,24.1,NA,"constant",7,0.1,NA,NA,NA,NA,NA,6.45,NA,7.6,14,NA,"starved",NA,NA,"Body mass and body length were taken as the means of the ranges presented (0.6-35; 54-215 respectively).",33.7,1.615549442,29,35.1,1.13137085,32,"sd","Data taken from table. SE was converted to SD.","no",2,2,34.25,35.6,1.0906174335,0.8485281375,34.7305550080109,35.5255067975217,0.780377538847258,0.739974322059287,"no",1.615549442,1.13137085,0.304347826086956,0.00159767459044568,25.0181870891229,"no","acipenser brevirostrum","Acipenser_brevirostrum",82746,"Acipenser_brevirostrum"
"RZ",1061,120,108,237,254,581,926,"Treatments were re-used in stepwise comparisons. The same animals were used to measure CTmax and LTmax, hence the shared cohort_IDs.","Tab2",NA,NA,"published",NA,"peer-reviewed","Ziegeweid_et_al_2008","Thermal maxima for juvenile shortnose sturgeon acclimated to different temperatures",2008,"Environmental Biology of Fishes",NA,"10.1007/s10641-007-9292-8","Ziegeweid, Jeffrey R., Cecil A. Jennings, and Douglas L. Peterson. ""Thermal maxima for juvenile shortnose sturgeon acclimated to different temperatures."" Environmental Biology of Fishes 82, no. 3 (2008): 299-307.","Chordata","Actinopterygii","Acipenseriformes","Acipenseridae","Acipenser","brevirostrum","Acipenser brevirostrum",15.4880219,"Age","aquatic","fish","oviparous","juvenile","juvenile","no","mobile",NA,NA,"A","hatchery",NA,NA,NA,NA,NA,NA,17.8,134.5,"unknown",NA,NA,"CTmax","death",19.5,24.1,NA,"constant",7,0.1,NA,NA,NA,NA,NA,6.45,NA,7.6,14,NA,"starved",NA,NA,"Body mass and body length were taken as the means of the ranges presented (0.6-35; 54-215 respectively).",34.8,0.565685425,32,36.1,0.565685425,32,"sd","Data taken from table. SE was converted to SD.","no",2,2,34.25,35.6,1.0906174335,0.8485281375,34.7305550080109,35.5255067975217,0.780377538847258,0.739974322059287,"no",0.565685425,0.565685425,0.282608695652175,0.000236294896072654,65.0538238633248,"no","acipenser brevirostrum","Acipenser_brevirostrum",82746,"Acipenser_brevirostrum"
"PP",635,122,3,89,94,370,525,"The clones (populations) used were the same as in Alford_2010 (study_ID 3). We also considered the animals to be from the same ""family"" as in study_ID 3. Treatments were re-used in stepwise comparisons.","Tab3",NA,NA,"published",NA,"peer-reviewed","Alford_et_al_2012","Effect of latitude and acclimation on the lethal temperatures of the peach-potato aphid Myzus persicae",2012,"Agricultural and Forest Entomology",NA,"10.1111/j.1461-9563.2011.00553.x","Alford, Lucy, Tim M. Blackburn, and Jeffrey S. Bale. ""Effect of latitude and acclimation on the lethal temperatures of the peach?potato aphid Myzus persicae."" Agricultural and Forest Entomology 14, no. 1 (2012): 69-79.","Arthropoda","Insecta","Hemiptera","Aphididae","Myzus","persicae","Myzus persicae",0.053524983,"Abdel-Salam_et_al_2009","terrestrial","terrestrial invertebrate","viviparous","embryo_and_juvenile","juvenile","no","mobile",NA,NA,"C","lab",NA,NA,NA,NA,NA,NA,NA,1,"unknown",20,"no","LT50","death",10,20,0.5,"constant",NA,0.1,0.002777778,8,6,10,NA,NA,NA,NA,16,NA,NA,"Treatments were acclimated for different durations","Very short set_time at the test temperatures.","Data for the Swed-2 clones. Exposure through mother conditions (viviparous) for one generation. Geographical coordinates were not taken because too approximate. 20C was the housing temperature for multiple generations, hence why incubation_independent was taken as ""no"". Animals were brought to the test temperatures at a rate of 0.5C/min, maintained at the test temperature for 10 seconds, and brought back to the acclimation temperature. The survival was recorded 72h after the exposure to the test temperatures.",41.9,0.1,48,41.6,0.1,48,"se","Data taken from table. Sample sizes were taken as the number of test temperatures * the number of replicate test temperatures. Confidence intervals were converted to SD by dividing the confidence intervals by 1.96. SE is reported instead of SD.","no",2,1,NA,NA,NA,NA,NA,NA,NA,NA,"no",NA,NA,-0.0299999999999997,2e-04,70.7106781186547,"yes","myzus persicae","Myzus_persicae",785522,"Myzus_persicae"
"PP",625,122,3,84,89,365,515,"The clones (populations) used were the same as in Alford_2010 (study_ID 3). We also considered the animals to be from the same ""family"" as in study_ID 3. Treatments were re-used in stepwise comparisons.","Tab3",NA,NA,"published",NA,"peer-reviewed","Alford_et_al_2012","Effect of latitude and acclimation on the lethal temperatures of the peach-potato aphid Myzus persicae",2012,"Agricultural and Forest Entomology",NA,"10.1111/j.1461-9563.2011.00553.x","Alford, Lucy, Tim M. Blackburn, and Jeffrey S. Bale. ""Effect of latitude and acclimation on the lethal temperatures of the peach?potato aphid Myzus persicae."" Agricultural and Forest Entomology 14, no. 1 (2012): 69-79.","Arthropoda","Insecta","Hemiptera","Aphididae","Myzus","persicae","Myzus persicae",0.053524983,"Abdel-Salam_et_al_2009","terrestrial","terrestrial invertebrate","viviparous","embryo_and_juvenile","juvenile","no","mobile",NA,NA,"C","lab",NA,NA,NA,NA,NA,NA,NA,1,"unknown",20,"no","LT50","death",10,20,0.5,"constant",NA,0.1,0.002777778,8,6,10,NA,NA,NA,NA,16,NA,NA,"Treatments were acclimated for different durations","Very short set_time at the test temperatures.","Data for the UK-1 clones. Exposure through mother conditions (viviparous) for one generation. Geographical coordinates were not taken because too approximate. 20C was the housing temperature for multiple generations, hence why incubation_independent was taken as ""no"". Animals were brought to the test temperatures at a rate of 0.5C/min, maintained at the test temperature for 10 seconds, and brought back to the acclimation temperature. The survival was recorded 72h after the exposure to the test temperatures.",41.9,0.1,48,41.8,0.1,48,"se","Data taken from table. Sample sizes were taken as the number of test temperatures * the number of replicate test temperatures. Confidence intervals were converted to SD by dividing the confidence intervals by 1.96. SE is reported instead of SD.","no",2,1,NA,NA,NA,NA,NA,NA,NA,NA,"no",NA,NA,-0.0100000000000001,2e-04,70.7106781186547,"yes","myzus persicae","Myzus_persicae",785522,"Myzus_persicae"
"PP",633,122,3,88,93,369,523,"The clones (populations) used were the same as in Alford_2010 (study_ID 3). We also considered the animals to be from the same ""family"" as in study_ID 3. Treatments were re-used in stepwise comparisons.","Tab3",NA,NA,"published",NA,"peer-reviewed","Alford_et_al_2012","Effect of latitude and acclimation on the lethal temperatures of the peach-potato aphid Myzus persicae",2012,"Agricultural and Forest Entomology",NA,"10.1111/j.1461-9563.2011.00553.x","Alford, Lucy, Tim M. Blackburn, and Jeffrey S. Bale. ""Effect of latitude and acclimation on the lethal temperatures of the peach?potato aphid Myzus persicae."" Agricultural and Forest Entomology 14, no. 1 (2012): 69-79.","Arthropoda","Insecta","Hemiptera","Aphididae","Myzus","persicae","Myzus persicae",0.053524983,"Abdel-Salam_et_al_2009","terrestrial","terrestrial invertebrate","viviparous","embryo_and_juvenile","juvenile","no","mobile",NA,NA,"C","lab",NA,NA,NA,NA,NA,NA,NA,1,"unknown",20,"no","LT50","death",10,20,0.5,"constant",NA,0.1,0.002777778,8,6,10,NA,NA,NA,NA,16,NA,NA,"Treatments were acclimated for different durations","Very short set_time at the test temperatures.","Data for the Swed-2 clones. Exposure through mother conditions (viviparous) for one generation. Geographical coordinates were not taken because too approximate. 20C was the housing temperature for multiple generations, hence why incubation_independent was taken as ""no"". Animals were brought to the test temperatures at a rate of 0.5C/min, maintained at the test temperature for 10 seconds, and brought back to the acclimation temperature. The survival was recorded 72h after the exposure to the test temperatures.",41.9,0.1,48,41.9,0.1,48,"se","Data taken from table. Sample sizes were taken as the number of test temperatures * the number of replicate test temperatures. Confidence intervals were converted to SD by dividing the confidence intervals by 1.96. SE is reported instead of SD.","no",2,1,NA,NA,NA,NA,NA,NA,NA,NA,"no",NA,NA,0,2e-04,70.7106781186547,"yes","myzus persicae","Myzus_persicae",785522,"Myzus_persicae"
"PP",621,122,3,82,87,363,511,"The clones (populations) used were the same as in Alford_2010 (study_ID 3). We also considered the animals to be from the same ""family"" as in study_ID 3. Treatments were re-used in stepwise comparisons.","Tab3",NA,NA,"published",NA,"peer-reviewed","Alford_et_al_2012","Effect of latitude and acclimation on the lethal temperatures of the peach-potato aphid Myzus persicae",2012,"Agricultural and Forest Entomology",NA,"10.1111/j.1461-9563.2011.00553.x","Alford, Lucy, Tim M. Blackburn, and Jeffrey S. Bale. ""Effect of latitude and acclimation on the lethal temperatures of the peach?potato aphid Myzus persicae."" Agricultural and Forest Entomology 14, no. 1 (2012): 69-79.","Arthropoda","Insecta","Hemiptera","Aphididae","Myzus","persicae","Myzus persicae",0.053524983,"Abdel-Salam_et_al_2009","terrestrial","terrestrial invertebrate","viviparous","embryo_and_juvenile","juvenile","no","mobile",NA,NA,"C","lab",NA,NA,NA,NA,NA,NA,NA,1,"unknown",20,"no","LT50","death",10,20,0.5,"constant",NA,0.1,0.002777778,8,6,10,NA,NA,NA,NA,16,NA,NA,"Treatments were acclimated for different durations","Very short set_time at the test temperatures.","Data for the Span-2 clones. Exposure through mother conditions (viviparous) for one generation. Geographical coordinates were not taken because too approximate. 20C was the housing temperature for multiple generations, hence why incubation_independent was taken as ""no"". Animals were brought to the test temperatures at a rate of 0.5C/min, maintained at the test temperature for 10 seconds, and brought back to the acclimation temperature. The survival was recorded 72h after the exposure to the test temperatures.",42,0.1,48,41.8,0.1,48,"se","Data taken from table. Sample sizes were taken as the number of test temperatures * the number of replicate test temperatures. Confidence intervals were converted to SD by dividing the confidence intervals by 1.96. SE is reported instead of SD.","no",2,1,NA,NA,NA,NA,NA,NA,NA,NA,"no",NA,NA,-0.0200000000000003,2e-04,70.7106781186547,"yes","myzus persicae","Myzus_persicae",785522,"Myzus_persicae"
"PP",631,122,3,87,92,368,521,"The clones (populations) used were the same as in Alford_2010 (study_ID 3). We also considered the animals to be from the same ""family"" as in study_ID 3. Treatments were re-used in stepwise comparisons.","Tab3",NA,NA,"published",NA,"peer-reviewed","Alford_et_al_2012","Effect of latitude and acclimation on the lethal temperatures of the peach-potato aphid Myzus persicae",2012,"Agricultural and Forest Entomology",NA,"10.1111/j.1461-9563.2011.00553.x","Alford, Lucy, Tim M. Blackburn, and Jeffrey S. Bale. ""Effect of latitude and acclimation on the lethal temperatures of the peach?potato aphid Myzus persicae."" Agricultural and Forest Entomology 14, no. 1 (2012): 69-79.","Arthropoda","Insecta","Hemiptera","Aphididae","Myzus","persicae","Myzus persicae",0.053524983,"Abdel-Salam_et_al_2009","terrestrial","terrestrial invertebrate","viviparous","embryo_and_juvenile","juvenile","no","mobile",NA,NA,"C","lab",NA,NA,NA,NA,NA,NA,NA,1,"unknown",20,"no","LT50","death",10,20,0.5,"constant",NA,0.1,0.002777778,8,6,10,NA,NA,NA,NA,16,NA,NA,"Treatments were acclimated for different durations","Very short set_time at the test temperatures.","Data for the Swed-1 clones. Exposure through mother conditions (viviparous) for one generation. Geographical coordinates were not taken because too approximate. 20C was the housing temperature for multiple generations, hence why incubation_independent was taken as ""no"". Animals were brought to the test temperatures at a rate of 0.5C/min, maintained at the test temperature for 10 seconds, and brought back to the acclimation temperature. The survival was recorded 72h after the exposure to the test temperatures.",41.9,0.1,48,41.8,0.1,48,"se","Data taken from table. Sample sizes were taken as the number of test temperatures * the number of replicate test temperatures. Confidence intervals were converted to SD by dividing the confidence intervals by 1.96. SE is reported instead of SD.","no",2,1,NA,NA,NA,NA,NA,NA,NA,NA,"no",NA,NA,-0.0100000000000001,2e-04,70.7106781186547,"yes","myzus persicae","Myzus_persicae",785522,"Myzus_persicae"
"PP",641,124,150,127,130,375,531,NA,"Tab1",NA,NA,"published",NA,"peer-reviewed","Archambault_et_al_2014b","Influence of sediment presence on freshwater mussel thermal tolerance",2014,"Freshwater Science",NA,"10.1086/674141","Archambault, Jennifer M., W. Gregory Cope, and Thomas J. Kwak. ""Influence of sediment presence on freshwater mussel thermal tolerance."" Freshwater Science 33, no. 1 (2014): 56-65.","Mollusca","Bivalvia","Unionida","Unionidae","Lampsilis","cariosa","Lampsilis cariosa",4,"ADW","aquatic","aquatic invertebrate","viviparous","juvenile","juvenile","no","immobile",NA,NA,"A","lab",NA,NA,NA,NA,NA,0.59,NA,35,"unknown",18,"yes","LT50","death",22,27,1,"fluctuating",1,NA,96,5,3,NA,NA,7.52,NA,8.13,14,NA,NA,NA,NA,"Animals in the ""water-only"" condition.  Mobility was taken as ""immobile"" because the mobility of mussels is quite limited. Age_tested was taken as the mean of the range presented (4 to 6 weeks old). Acc_duration was taken as 1 day because authors used ""a standard 24-h holding period once the target temperature was attained"".",36.8,0.5612245,15,35.5,0.255102,15,"se","Data taken from table. Sample sizes were taken as the number of test temperatures * the number of replicate test temperatures. Confidence intervals were converted to SD by dividing the confidence intervals by 1.96. SE is reported instead of SD. We did not include data on glochidia because the animals were only acclimated for 2 hours, which did not fit our inclusion criteria (>24 hour acclimation).","no",1,1,NA,NA,NA,NA,NA,NA,NA,NA,"no",NA,NA,-0.259999999999999,0.01520199879217,8.11053780829612,"no","lampsilis cariosa","Lampsilis_cariosa",788597,"Lampsilis_cariosa"
"PP",642,124,150,127,130,376,532,NA,"Tab1",NA,NA,"published",NA,"peer-reviewed","Archambault_et_al_2014b","Influence of sediment presence on freshwater mussel thermal tolerance",2014,"Freshwater Science",NA,"10.1086/674141","Archambault, Jennifer M., W. Gregory Cope, and Thomas J. Kwak. ""Influence of sediment presence on freshwater mussel thermal tolerance."" Freshwater Science 33, no. 1 (2014): 56-65.","Mollusca","Bivalvia","Unionida","Unionidae","Lampsilis","cariosa","Lampsilis cariosa",4,"ADW","aquatic","aquatic invertebrate","viviparous","juvenile","juvenile","no","immobile",NA,NA,"A","lab",NA,NA,NA,NA,NA,3.09,NA,122,"unknown",18,"yes","LT50","death",22,27,1,"fluctuating",1,NA,96,5,3,NA,NA,7.52,NA,8.13,14,NA,NA,NA,NA,"Animals in the ""dewatered"" condition. Age_tested was taken as the mean of the range presented (3 to 5 months old).  Mobility was taken as ""immobile"" because the mobility of mussels is quite limited. Acc_duration was taken as 1 day because authors used ""a standard 24-h holding period once the target temperature was attained"".",35.1,0.6122449,15,35.5,0.3571429,15,"se","Data taken from table. Sample sizes were taken as the number of test temperatures * the number of replicate test temperatures. Confidence intervals were converted to SD by dividing the confidence intervals by 1.96. SE is reported instead of SD. We did not include data on glochidia because the animals were only acclimated for 2 hours, which did not fit our inclusion criteria (>24 hour acclimation).","no",1,1,NA,NA,NA,NA,NA,NA,NA,NA,"no",NA,NA,0.0799999999999997,0.0200957947438568,7.05419412487774,"no","lampsilis cariosa","Lampsilis_cariosa",788597,"Lampsilis_cariosa"
"PP",683,125,32,131,135,392,573,"Different ""races"" were used in this study. All animals collected in the north basin (NBAS and NBSS) were considered the same population, but different family IDs were assigned depending on the time adults were sampled (autumn or spring spawners). Treatments were re-used in stepwise comparisons.","Tab1",NA,NA,"published",NA,"peer-reviewed","Baroudy_and_Elliott_1994","The critical thermal limits for juvenile Arctic charr Salvelinus alpinus",1994,"Journal of Fish Biology",NA,"https://doi.org/10.1111/j.1095-8649.1994.tb01071.x","Baroudy, E., and J. M. Elliott. ""The critical thermal limits for juvenile Arctic charr Salvelinus alpinus."" Journal of Fish Biology 45, no. 6 (1994): 1041-1053.","Chordata","Actinopterygii","Salmoniformes","Salmonidae","Salvelinus","alpinus","Salvelinus alpinus",8.993839836,"Age","aquatic","fish","oviparous","juvenile","juvenile","no","mobile",NA,NA,"A","hatchery",NA,NA,NA,"fall",NA,18,NA,NA,"unknown",5,"yes","LT50","LOE",10,15,NA,"constant",3.5,NA,168,NA,NA,NA,NA,NA,NA,NA,NA,NA,NA,NA,"Elliott's hybrid methodology.","Data for the ""SBAS"" fry. The ""incipient lethal temperature"" recorded here is analogous to LT50, although calculated slightly differently. In this study, the way sample size was quantified is unclear. The n_test_temp, n_replicates_per_temp and n_animals_per_replicates were not reported. Body length was taken as the mean of the range presented. acc_duration was taken as the mean of the range presented.",21.67,0.8836994,12,20.17,1.148809,12,"sd","Data taken from table. Confidence intervals were converted to SD using the CI95_to_sd function from metaDigitise.","no",3,1,23.4523255813953,23.8267441860465,0.787187119047619,0.74836037804878,34.7305550080109,35.5255067975217,0.780377538847258,0.739974322059287,"no",0.8836994,1.148809,-0.3,0.00700228916013787,11.9503322370561,"yes","salvelinus alpinus","Salvelinus_alpinus",688324,"Salvelinus_alpinus"
"PP",646,125,32,130,133,380,536,"Different ""races"" were used in this study. All animals collected in the north basin (NBAS and NBSS) were considered the same population, but different family IDs were assigned depending on the time adults were sampled (autumn or spring spawners). Treatments were re-used in stepwise comparisons.","Tab1",NA,NA,"published",NA,"peer-reviewed","Baroudy_and_Elliott_1994","The critical thermal limits for juvenile Arctic charr Salvelinus alpinus",1994,"Journal of Fish Biology",NA,"https://doi.org/10.1111/j.1095-8649.1994.tb01071.x","Baroudy, E., and J. M. Elliott. ""The critical thermal limits for juvenile Arctic charr Salvelinus alpinus."" Journal of Fish Biology 45, no. 6 (1994): 1041-1053.","Chordata","Actinopterygii","Salmoniformes","Salmonidae","Salvelinus","alpinus","Salvelinus alpinus",8.993839836,"Age","aquatic","fish","oviparous","juvenile","juvenile","no","mobile",NA,NA,"A","hatchery",NA,NA,NA,"fall",NA,14,NA,NA,"unknown",5,"no","CTmax","LOE",5,10,NA,"constant",3.5,0.033333333,NA,NA,NA,NA,NA,NA,NA,NA,NA,NA,NA,"Treatments were acclimated for different durations",NA,"Data for the ""NBAS"" alevins. The authors used the temperature letal for a 10-min period, which is analogous to the CTmax method. Body length was taken as the mean of the range presented. acc_duration was taken as the mean of the range presented. Animals acclimated to 5C were acclimated for 24h longer than animals acclimated to 10C.",22.97,1.396245,12,25.31,0.5646924,10,"sd","Data taken from table. Confidence intervals were converted to SD using the CI95_to_sd function from metaDigitise.","no",3,1,23.4523255813953,23.8267441860465,0.787187119047619,0.74836037804878,34.7305550080109,35.5255067975217,0.780377538847258,0.739974322059287,"no",1.396245,0.5646924,0.468,0.00777384369322104,11.3418029567054,"no","salvelinus alpinus","Salvelinus_alpinus",688324,"Salvelinus_alpinus"
"PP",653,125,32,130,133,382,543,"Different ""races"" were used in this study. All animals collected in the north basin (NBAS and NBSS) were considered the same population, but different family IDs were assigned depending on the time adults were sampled (autumn or spring spawners). Treatments were re-used in stepwise comparisons.","Tab1",NA,NA,"published",NA,"peer-reviewed","Baroudy_and_Elliott_1994","The critical thermal limits for juvenile Arctic charr Salvelinus alpinus",1994,"Journal of Fish Biology",NA,"https://doi.org/10.1111/j.1095-8649.1994.tb01071.x","Baroudy, E., and J. M. Elliott. ""The critical thermal limits for juvenile Arctic charr Salvelinus alpinus."" Journal of Fish Biology 45, no. 6 (1994): 1041-1053.","Chordata","Actinopterygii","Salmoniformes","Salmonidae","Salvelinus","alpinus","Salvelinus alpinus",8.993839836,"Age","aquatic","fish","oviparous","juvenile","juvenile","no","mobile",NA,NA,"A","hatchery",NA,NA,NA,"fall",NA,145,NA,NA,"unknown",5,"yes","CTmax","LOE",10,15,NA,"constant",6,0.033333333,NA,NA,NA,NA,NA,NA,NA,NA,NA,NA,NA,NA,NA,"Data for the ""NBAS"" parr. The authors used the temperature letal for a 10-min period, which is analogous to the CTmax method.  The authors used the temperature letal for a 10-min period, which is analogous to the CTmax method. Body length was taken as the mean of the range presented. acc_duration was taken as the mean of the range presented.",26.35,0.1129385,10,26.34,0.1613407,10,"sd","Data taken from table. Confidence intervals were converted to SD using the CI95_to_sd function from metaDigitise.","no",3,1,23.4523255813953,23.8267441860465,0.787187119047619,0.74836037804878,34.7305550080109,35.5255067975217,0.780377538847258,0.739974322059287,"no",0.1129385,0.1613407,-0.00200000000000031,0.00015514370503496,80.2847243540807,"no","salvelinus alpinus","Salvelinus_alpinus",688324,"Salvelinus_alpinus"
"PP",657,125,32,130,134,383,547,"Different ""races"" were used in this study. All animals collected in the north basin (NBAS and NBSS) were considered the same population, but different family IDs were assigned depending on the time adults were sampled (autumn or spring spawners). Treatments were re-used in stepwise comparisons.","Tab1",NA,NA,"published",NA,"peer-reviewed","Baroudy_and_Elliott_1994","The critical thermal limits for juvenile Arctic charr Salvelinus alpinus",1994,"Journal of Fish Biology",NA,"https://doi.org/10.1111/j.1095-8649.1994.tb01071.x","Baroudy, E., and J. M. Elliott. ""The critical thermal limits for juvenile Arctic charr Salvelinus alpinus."" Journal of Fish Biology 45, no. 6 (1994): 1041-1053.","Chordata","Actinopterygii","Salmoniformes","Salmonidae","Salvelinus","alpinus","Salvelinus alpinus",8.993839836,"Age","aquatic","fish","oviparous","juvenile","juvenile","no","mobile",NA,NA,"A","hatchery",NA,NA,NA,"spring",NA,14,NA,NA,"unknown",5,"yes","CTmax","LOE",15,20,NA,"constant",3.5,0.033333333,NA,NA,NA,NA,NA,NA,NA,NA,NA,NA,NA,NA,NA,"Data for the ""NBSS"" alevins. The authors used the temperature letal for a 10-min period, which is analogous to the CTmax method.  The authors used the temperature letal for a 10-min period, which is analogous to the CTmax method. Body length was taken as the mean of the range presented. acc_duration was taken as the mean of the range presented.",25.78,1.396245,12,26.38,0.7246335,12,"sd","Data taken from table. Confidence intervals were converted to SD using the CI95_to_sd function from metaDigitise.","no",3,1,23.4523255813953,23.8267441860465,0.787187119047619,0.74836037804878,34.7305550080109,35.5255067975217,0.780377538847258,0.739974322059287,"no",1.396245,0.7246335,0.12,0.0082486460311575,11.0105411992294,"no","salvelinus alpinus","Salvelinus_alpinus",688324,"Salvelinus_alpinus"
"PP",648,125,32,130,133,380,538,"Different ""races"" were used in this study. All animals collected in the north basin (NBAS and NBSS) were considered the same population, but different family IDs were assigned depending on the time adults were sampled (autumn or spring spawners). Treatments were re-used in stepwise comparisons.","Tab1",NA,NA,"published",NA,"peer-reviewed","Baroudy_and_Elliott_1994","The critical thermal limits for juvenile Arctic charr Salvelinus alpinus",1994,"Journal of Fish Biology",NA,"https://doi.org/10.1111/j.1095-8649.1994.tb01071.x","Baroudy, E., and J. M. Elliott. ""The critical thermal limits for juvenile Arctic charr Salvelinus alpinus."" Journal of Fish Biology 45, no. 6 (1994): 1041-1053.","Chordata","Actinopterygii","Salmoniformes","Salmonidae","Salvelinus","alpinus","Salvelinus alpinus",8.993839836,"Age","aquatic","fish","oviparous","juvenile","juvenile","no","mobile",NA,NA,"A","hatchery",NA,NA,NA,"fall",NA,14,NA,NA,"unknown",5,"yes","CTmax","LOE",15,20,NA,"constant",3.5,0.033333333,NA,NA,NA,NA,NA,NA,NA,NA,NA,NA,NA,NA,NA,"Data for the ""NBAS"" alevins. The authors used the temperature letal for a 10-min period, which is analogous to the CTmax method.  The authors used the temperature letal for a 10-min period, which is analogous to the CTmax method. Body length was taken as the mean of the range presented. acc_duration was taken as the mean of the range presented.",25.24,0.4771977,12,26.29,0.5832416,12,"sd","Data taken from table. Confidence intervals were converted to SD using the CI95_to_sd function from metaDigitise.","no",3,1,23.4523255813953,23.8267441860465,0.787187119047619,0.74836037804878,34.7305550080109,35.5255067975217,0.780377538847258,0.739974322059287,"no",0.4771977,0.5832416,0.21,0.00189296136285283,22.9841858740443,"no","salvelinus alpinus","Salvelinus_alpinus",688324,"Salvelinus_alpinus"
"PP",678,125,32,130,133,390,568,"Different ""races"" were used in this study. All animals collected in the north basin (NBAS and NBSS) were considered the same population, but different family IDs were assigned depending on the time adults were sampled (autumn or spring spawners). Treatments were re-used in stepwise comparisons.","Tab1",NA,NA,"published",NA,"peer-reviewed","Baroudy_and_Elliott_1994","The critical thermal limits for juvenile Arctic charr Salvelinus alpinus",1994,"Journal of Fish Biology",NA,"https://doi.org/10.1111/j.1095-8649.1994.tb01071.x","Baroudy, E., and J. M. Elliott. ""The critical thermal limits for juvenile Arctic charr Salvelinus alpinus."" Journal of Fish Biology 45, no. 6 (1994): 1041-1053.","Chordata","Actinopterygii","Salmoniformes","Salmonidae","Salvelinus","alpinus","Salvelinus alpinus",8.993839836,"Age","aquatic","fish","oviparous","juvenile","juvenile","no","mobile",NA,NA,"A","hatchery",NA,NA,NA,"autumm",NA,145,NA,NA,"unknown",5,"yes","LT50","LOE",15,20,NA,"constant",6,NA,168,NA,NA,NA,NA,NA,NA,NA,NA,NA,NA,NA,"Elliott's hybrid methodology.","Data for the ""NBAS"" parr. The ""incipient lethal temperature"" recorded here is analogous to LT50, although calculated slightly differently. In this study, the way sample size was quantified is unclear. The n_test_temp, n_replicates_per_temp and n_animals_per_replicates were not reported. Body length was taken as the mean of the range presented. acc_duration was taken as the mean of the range presented.",22.4,0.5969606,10,22.1,0.8551057,10,"sd","Data taken from table. Confidence intervals were converted to SD using the CI95_to_sd function from metaDigitise.","no",3,1,23.4523255813953,23.8267441860465,0.787187119047619,0.74836037804878,34.7305550080109,35.5255067975217,0.780377538847258,0.739974322059287,"no",0.5969606,0.8551057,-0.0599999999999994,0.0043502708644994,15.1614888433989,"yes","salvelinus alpinus","Salvelinus_alpinus",688324,"Salvelinus_alpinus"
"PP",682,125,32,131,135,392,572,"Different ""races"" were used in this study. All animals collected in the north basin (NBAS and NBSS) were considered the same population, but different family IDs were assigned depending on the time adults were sampled (autumn or spring spawners). Treatments were re-used in stepwise comparisons.","Tab1",NA,NA,"published",NA,"peer-reviewed","Baroudy_and_Elliott_1994","The critical thermal limits for juvenile Arctic charr Salvelinus alpinus",1994,"Journal of Fish Biology",NA,"https://doi.org/10.1111/j.1095-8649.1994.tb01071.x","Baroudy, E., and J. M. Elliott. ""The critical thermal limits for juvenile Arctic charr Salvelinus alpinus."" Journal of Fish Biology 45, no. 6 (1994): 1041-1053.","Chordata","Actinopterygii","Salmoniformes","Salmonidae","Salvelinus","alpinus","Salvelinus alpinus",8.993839836,"Age","aquatic","fish","oviparous","juvenile","juvenile","no","mobile",NA,NA,"A","hatchery",NA,NA,NA,"fall",NA,18,NA,NA,"unknown",5,"no","LT50","LOE",5,10,NA,"constant",3.5,NA,168,NA,NA,NA,NA,NA,NA,NA,NA,NA,NA,"Treatments were acclimated for different durations","Elliott's hybrid methodology.","Data for the ""SBAS"" fry. The ""incipient lethal temperature"" recorded here is analogous to LT50, although calculated slightly differently. In this study, the way sample size was quantified is unclear. The n_test_temp, n_replicates_per_temp and n_animals_per_replicates were not reported. Body length was taken as the mean of the range presented. acc_duration was taken as the mean of the range presented. Animals acclimated to 5C were acclimated for 24h longer than animals acclimated to 10C.",21.3,1.749725,12,21.67,0.8836994,12,"sd","Data taken from table. Confidence intervals were converted to SD using the CI95_to_sd function from metaDigitise.","no",3,1,23.4523255813953,23.8267441860465,0.787187119047619,0.74836037804878,34.7305550080109,35.5255067975217,0.780377538847258,0.739974322059287,"no",1.749725,0.8836994,0.0740000000000002,0.0128082073506179,8.83600239965568,"yes","salvelinus alpinus","Salvelinus_alpinus",688324,"Salvelinus_alpinus"
"PP",666,125,32,131,135,386,556,"Different ""races"" were used in this study. All animals collected in the north basin (NBAS and NBSS) were considered the same population, but different family IDs were assigned depending on the time adults were sampled (autumn or spring spawners). Treatments were re-used in stepwise comparisons.","Tab1",NA,NA,"published",NA,"peer-reviewed","Baroudy_and_Elliott_1994","The critical thermal limits for juvenile Arctic charr Salvelinus alpinus",1994,"Journal of Fish Biology",NA,"https://doi.org/10.1111/j.1095-8649.1994.tb01071.x","Baroudy, E., and J. M. Elliott. ""The critical thermal limits for juvenile Arctic charr Salvelinus alpinus."" Journal of Fish Biology 45, no. 6 (1994): 1041-1053.","Chordata","Actinopterygii","Salmoniformes","Salmonidae","Salvelinus","alpinus","Salvelinus alpinus",8.993839836,"Age","aquatic","fish","oviparous","juvenile","juvenile","no","mobile",NA,NA,"A","hatchery",NA,NA,NA,"autumm",NA,145,NA,NA,"unknown",5,"yes","CTmax","LOE",15,20,NA,"constant",6,0.033333333,NA,NA,NA,NA,NA,NA,NA,NA,NA,NA,NA,NA,NA,"Data for the ""SBAS"" parr. The authors used the temperature letal for a 10-min period, which is analogous to the CTmax method.  The authors used the temperature letal for a 10-min period, which is analogous to the CTmax method. Body length was taken as the mean of the range presented. acc_duration was taken as the mean of the range presented.",26.63,0.225877,10,26.71,0.0968044,10,"sd","Data taken from table. Confidence intervals were converted to SD using the CI95_to_sd function from metaDigitise.","no",3,1,23.4523255813953,23.8267441860465,0.787187119047619,0.74836037804878,34.7305550080109,35.5255067975217,0.780377538847258,0.739974322059287,"no",0.225877,0.0968044,0.0160000000000004,0.00024156604395344,64.340148133684,"no","salvelinus alpinus","Salvelinus_alpinus",688324,"Salvelinus_alpinus"
"PP",708,131,123,143,149,409,598,NA,"Tab1",NA,NA,"published",NA,"peer-reviewed","Pandolfo_et_al_2010a","Upper thermal tolerances of early life stages of freshwater mussels",2010,"Journal of the North American Benthological Society",NA,"10.1899/09-128.1","Pandolfo, Tamara J., W. Gregory Cope, Consuelo Arellano, Robert B. Bringolf, M. Christopher Barnhart, and Edward Hammer. ""Upper thermal tolerances of early life stages of freshwater mussels."" Journal of the North American Benthological Society 29, no. 3 (2010): 959-969.","Mollusca","Bivalvia","Unionida","Unionidae","Alasmidonta","varicosa","Alasmidonta varicosa",6,"http://www.conservewildlifenj.org/species/fieldguide/view/Alasmidonta%20varicosa/","aquatic","aquatic invertebrate","viviparous","juvenile","juvenile","no","immobile",NA,NA,"A","lab",NA,NA,NA,NA,NA,0.398,NA,17.5,"unknown",19.5,"yes","LT50","death",22,27,1,"fluctuating",1,NA,96,5,3,7,NA,7.28,NA,8.44,NA,NA,NA,NA,NA,"Mobility was taken as ""immobile"" because the mobility of mussels is quite limited. Housing_temp was averaged because two different temperatures were reported (17 and 22C). Age_tested was taken as the mean of the range presented (1 to 4 weeks).",35,1.4285714,15,35.1,1.2755102,15,"se","Data taken from table. Sample sizes were taken as the number of test temperatures * the number of replicate test temperatures. Confidence intervals were converted to SD by dividing the confidence intervals by 1.96. SE is reported instead of SD. We did not include data on glochidia because the animals were only acclimated for 2 hours, which did not fit our inclusion criteria (>24 hour acclimation).","no",1,1,NA,NA,NA,NA,NA,NA,NA,NA,"no",NA,NA,0.0200000000000003,0.14670970060808,2.61078184845055,"no","alasmidonta varicosa","Alasmidonta_varicosa",381439,"Alasmidonta_varicosa"
"PP",704,131,119,139,145,405,594,NA,"Tab1",NA,NA,"published",NA,"peer-reviewed","Pandolfo_et_al_2010a","Upper thermal tolerances of early life stages of freshwater mussels",2010,"Journal of the North American Benthological Society",NA,"10.1899/09-128.1","Pandolfo, Tamara J., W. Gregory Cope, Consuelo Arellano, Robert B. Bringolf, M. Christopher Barnhart, and Edward Hammer. ""Upper thermal tolerances of early life stages of freshwater mussels."" Journal of the North American Benthological Society 29, no. 3 (2010): 959-969.","Mollusca","Bivalvia","Unionida","Unionidae","Ligumia","recta","Ligumia recta",7.5,"Call_and_Malon_2014","aquatic","aquatic invertebrate","viviparous","juvenile","juvenile","no","immobile",NA,NA,"A","lab",NA,NA,NA,NA,NA,0.947,NA,38.5,"unknown",19.5,"yes","LT50","death",22,27,1,"fluctuating",1,NA,96,5,3,7,NA,7.28,NA,8.44,NA,NA,NA,NA,NA,"Mobility was taken as ""immobile"" because the mobility of mussels is quite limited. Housing_temp was averaged because two different temperatures were reported (17 and 22C). Age_tested was taken as the mean of the range presented (3 to 8 weeks).",32.5,1.9897959,15,35.1,1.8367347,15,"se","Data taken from table. Sample sizes were taken as the number of test temperatures * the number of replicate test temperatures. Confidence intervals were converted to SD by dividing the confidence intervals by 1.96. SE is reported instead of SD. We did not include data on glochidia because the animals were only acclimated for 2 hours, which did not fit our inclusion criteria (>24 hour acclimation).","no",1,1,NA,NA,NA,NA,NA,NA,NA,NA,"no",NA,NA,0.52,0.293315283273636,1.84642917492219,"no","ligumia recta","Ligumia_recta",2851633,"Ligumia_recta"
"PP",707,131,122,142,148,408,597,NA,"Tab1",NA,NA,"published",NA,"peer-reviewed","Pandolfo_et_al_2010a","Upper thermal tolerances of early life stages of freshwater mussels",2010,"Journal of the North American Benthological Society",NA,"10.1899/09-128.1","Pandolfo, Tamara J., W. Gregory Cope, Consuelo Arellano, Robert B. Bringolf, M. Christopher Barnhart, and Edward Hammer. ""Upper thermal tolerances of early life stages of freshwater mussels."" Journal of the North American Benthological Society 29, no. 3 (2010): 959-969.","Mollusca","Bivalvia","Unionida","Unionidae","Megalonaias","nervosa","Megalonaias nervosa",8,"ADW","aquatic","aquatic invertebrate","viviparous","juvenile","juvenile","no","immobile",NA,NA,"A","lab",NA,NA,NA,NA,NA,0.364,NA,17.5,"unknown",19.5,"yes","LT50","death",22,27,1,"fluctuating",1,NA,96,5,3,7,NA,7.28,NA,8.44,NA,NA,NA,NA,NA,"Mobility was taken as ""immobile"" because the mobility of mussels is quite limited. Housing_temp was averaged because two different temperatures were reported (17 and 22C). Age_tested was taken as the mean of the range presented (1 to 4 weeks).",34.2,1.2244898,15,34,1.5816327,15,"se","Data taken from table. Sample sizes were taken as the number of test temperatures * the number of replicate test temperatures. Confidence intervals were converted to SD by dividing the confidence intervals by 1.96. SE is reported instead of SD. We did not include data on glochidia because the animals were only acclimated for 2 hours, which did not fit our inclusion criteria (>24 hour acclimation).","no",1,1,NA,NA,NA,NA,NA,NA,NA,NA,"no",NA,NA,-0.0400000000000006,0.160037490720533,2.49970715520872,"no","megalonaias nervosa","Megalonaias_nervosa",609673,"Megalonaias_nervosa"
"PP",703,131,118,138,144,404,593,NA,"Tab1",NA,NA,"published",NA,"peer-reviewed","Pandolfo_et_al_2010a","Upper thermal tolerances of early life stages of freshwater mussels",2010,"Journal of the North American Benthological Society",NA,"10.1899/09-128.1","Pandolfo, Tamara J., W. Gregory Cope, Consuelo Arellano, Robert B. Bringolf, M. Christopher Barnhart, and Edward Hammer. ""Upper thermal tolerances of early life stages of freshwater mussels."" Journal of the North American Benthological Society 29, no. 3 (2010): 959-969.","Mollusca","Bivalvia","Unionida","Unionidae","Potamilus","alatus","Potamilus alatus",NA,NA,"aquatic","aquatic invertebrate","viviparous","juvenile","juvenile","no","immobile",NA,NA,"A","lab",NA,NA,NA,NA,NA,1.377,NA,38.5,"unknown",19.5,"yes","LT50","death",22,27,1,"fluctuating",1,NA,96,5,3,7,NA,7.28,NA,8.44,NA,NA,NA,NA,NA,"Mobility was taken as ""immobile"" because the mobility of mussels is quite limited. Housing_temp was averaged because two different temperatures were reported (17 and 22C). Age_tested was taken as the mean of the range presented (3 to 8 weeks).",35,1.2244898,15,34.1,1.3265306,15,"se","Data taken from table. Sample sizes were taken as the number of test temperatures * the number of replicate test temperatures. Confidence intervals were converted to SD by dividing the confidence intervals by 1.96. SE is reported instead of SD. We did not include data on glochidia because the animals were only acclimated for 2 hours, which did not fit our inclusion criteria (>24 hour acclimation).","no",1,1,NA,NA,NA,NA,NA,NA,NA,NA,"no",NA,NA,-0.18,0.130362348121616,2.76964376238328,"no","potamilus alatus","Potamilus_alatus",732215,"Potamilus_alatus"
"PP",706,131,121,141,147,407,596,NA,"Tab1",NA,NA,"published",NA,"peer-reviewed","Pandolfo_et_al_2010a","Upper thermal tolerances of early life stages of freshwater mussels",2010,"Journal of the North American Benthological Society",NA,"10.1899/09-128.1","Pandolfo, Tamara J., W. Gregory Cope, Consuelo Arellano, Robert B. Bringolf, M. Christopher Barnhart, and Edward Hammer. ""Upper thermal tolerances of early life stages of freshwater mussels."" Journal of the North American Benthological Society 29, no. 3 (2010): 959-969.","Mollusca","Bivalvia","Unionida","Unionidae","Villosa","delumbis","Villosa delumbis",NA,NA,"aquatic","aquatic invertebrate","viviparous","juvenile","juvenile","no","immobile",NA,NA,"A","lab",NA,NA,NA,NA,NA,0.363,NA,17.5,"unknown",19.5,"yes","LT50","death",22,27,1,"fluctuating",1,NA,96,5,3,7,NA,7.28,NA,8.44,NA,NA,NA,NA,NA,"Mobility was taken as ""immobile"" because the mobility of mussels is quite limited. Housing_temp was averaged because two different temperatures were reported (17 and 22C). Age_tested was taken as the mean of the range presented (1 to 4 weeks).",34.6,1.377551,15,34.2,1.3265306,15,"se","Data taken from table. Sample sizes were taken as the number of test temperatures * the number of replicate test temperatures. Confidence intervals were converted to SD by dividing the confidence intervals by 1.96. SE is reported instead of SD. We did not include data on glochidia because the animals were only acclimated for 2 hours, which did not fit our inclusion criteria (>24 hour acclimation).","no",1,1,NA,NA,NA,NA,NA,NA,NA,NA,"no",NA,NA,-0.0799999999999997,0.146293207613494,2.61449562141872,"no","villosa delumbis","Villosa_delumbis",15452,"Villosa_delumbis"
"PP",711,132,119,139,145,412,601,"L. recta individuals were considered the same population and family as in Pandolfo_et_al_2010a (study_ID 132).","Tab1",NA,NA,"published",NA,"peer-reviewed","Pandolfo_et_al_2010b","Thermal tolerance of juvenile freshwater mussels (Unionidae) under the added stress of copper",2010,"Environmental Toxicology and Chemistry",NA,"10.1002/etc.92","Pandolfo, Tamara J., W. Gregory Cope, and Consuelo Arellano. ""Thermal tolerance of juvenile freshwater mussels (Unionidae) under the added stress of copper."" Environmental Toxicology and Chemistry: An International Journal 29, no. 3 (2010): 691-699.","Mollusca","Bivalvia","Unionida","Unionidae","Ligumia","recta","Ligumia recta",7.5,"Call_and_Malon_2014","aquatic","aquatic invertebrate","viviparous","juvenile","juvenile","no","immobile",NA,NA,"A","lab",NA,NA,NA,NA,NA,0.947,NA,36.5,"unknown",19.5,"yes","LT50","death",22,27,1,"fluctuating",1,NA,48,5,3,7,NA,6.61,NA,8.31,NA,NA,NA,NA,NA,"Mobility was taken as ""immobile"" because the mobility of mussels is quite limited. Housing_temp was averaged because two different temperatures were reported (17 and 22C; reported in Pandolfo_et_al_2010b).The age of the animals tested was calculated as the age reported in Pandolfo_et_al_2010a minus two (the difference between 96h and 48h).",44.4,15.0510204,15,36.9,1.6836735,15,"se","Data taken from table. Sample sizes were taken as the number of test temperatures * the number of replicate test temperatures. Confidence intervals were converted to SD by dividing the confidence intervals by 1.96. SE is reported instead of SD. Data for the 96h-LT50 was the same as the data presented in Pandolfo_et_al_2010a. The data on animals supplemented with Copper were excluded.","no",1,1,NA,NA,NA,NA,NA,NA,NA,NA,"no",NA,NA,-1.5,9.17471886143274,0.330144158545566,"no","ligumia recta","Ligumia_recta",2851633,"Ligumia_recta"
"PP",710,132,118,138,144,411,600,"P. alatus individuals were considered the same population and family as in Pandolfo_et_al_2010a (study_ID 132).","Tab1",NA,NA,"published",NA,"peer-reviewed","Pandolfo_et_al_2010b","Thermal tolerance of juvenile freshwater mussels (Unionidae) under the added stress of copper",2010,"Environmental Toxicology and Chemistry",NA,"10.1002/etc.92","Pandolfo, Tamara J., W. Gregory Cope, and Consuelo Arellano. ""Thermal tolerance of juvenile freshwater mussels (Unionidae) under the added stress of copper."" Environmental Toxicology and Chemistry: An International Journal 29, no. 3 (2010): 691-699.","Mollusca","Bivalvia","Unionida","Unionidae","Potamilus","alatus","Potamilus alatus",NA,NA,"aquatic","aquatic invertebrate","viviparous","juvenile","juvenile","no","immobile",NA,NA,"A","lab",NA,NA,NA,NA,NA,1.377,NA,36.5,"unknown",19.5,"yes","LT50","death",22,27,1,"fluctuating",1,NA,48,5,3,7,NA,6.61,NA,8.31,NA,NA,NA,NA,NA,"Mobility was taken as ""immobile"" because the mobility of mussels is quite limited. Housing_temp was averaged because two different temperatures were reported (17 and 22C; reported in Pandolfo_et_al_2010b).The age of the animals tested was calculated as the age reported in Pandolfo_et_al_2010a minus two (the difference between 96h and 48h).",36.7,0.255102,15,34.6,1.122449,15,"se","Data taken from table. Sample sizes were taken as the number of test temperatures * the number of replicate test temperatures. Confidence intervals were converted to SD by dividing the confidence intervals by 1.96. SE is reported instead of SD. Data for the 96h-LT50 was the same as the data presented in Pandolfo_et_al_2010a. The data on animals supplemented with Copper were excluded.","no",1,1,NA,NA,NA,NA,NA,NA,NA,NA,"no",NA,NA,-0.42,0.0529987515202,4.34377358938088,"no","potamilus alatus","Potamilus_alatus",732215,"Potamilus_alatus"
"PP",715,133,40,35,153,416,605,"The population for animals collected in Bird Rock (""BR"" population) was taken as the same as in Healy_et_al_2019 (study_ID 43). 11 populations were used in this study. Animals were considered different families, however, because the studies were separated by over two years and the generation time of copepods is short.","dataset","http://dx.doi.org/10.5061/dryad.bp76g",NA,"published",NA,"peer-reviewed","Pereira_et_al_2017","Adaptation to a latitudinal thermal gradient within a widespread copepod species: the contributions of genetic divergence and phenotypic plasticity",2017,"Proceedings of the Royal Society B: Biological Sciences",NA,"http://dx.doi.org/10.1098/rspb.2017.0236","Pereira, Ricardo J., Matthew C. Sasaki, and Ronald S. Burton. ""Adaptation to a latitudinal thermal gradient within a widespread copepod species: the contributions of genetic divergence and phenotypic plasticity."" Proceedings of the Royal Society B: Biological Sciences 284, no. 1853 (2017): 20170236.","Arthropoda","Hexanauplia","Harpacticoida","Harpacticidae","Tigriopus","californicus","Tigriopus californicus",0.057494867,"Powlik_1996","aquatic","aquatic invertebrate","viviparous","juvenile","adult","no","mobile",NA,NA,"A","lab",32.814202,-117.273379,0,NA,NA,NA,NA,NA,"unknown",20,"no","LT50","death",20,25,NA,"constant",28,NA,1,6,5,10,NA,NA,32,NA,12,NA,NA,"Treatments were acclimated for different durations",NA,"Data for the ""BR"" population. Animals were tested upon reaching sexual maturity. Geographical coordinates were taken from Table S1.  20C was both the housing_temp for multiple generations and the acc_temp_low, hence why incubation_indedependent was taken as ""no"". n_replicates_per_treatment were presented in Table S2 and the median number of replicates was taken.",36.75,0.11381,30,38.03,0.13523,30,"se","Data taken from the published data. Summary statistics were already calculated for each population. Sample sizes were taken as the number of test temperatures * the number of replicate test temperatures. SE is reported instead of SD.","no",1,1,NA,NA,NA,NA,NA,NA,NA,NA,"no",NA,NA,0.256,0.00124959476,28.2888571297539,"no","tigriopus californicus","Tigriopus_californicus",461524,"Tigriopus_californicus"
"PP",717,133,40,37,155,418,607,"The population for animals collected in Santa Cruz (""SCN"" population) was taken as the same as in Healy_et_al_2019 (study_ID 43). 11 populations were used in this study. Animals were considered different families, however, because the studies were separated by over two years and the generation time of copepods is short.","dataset","http://dx.doi.org/10.5061/dryad.bp76g",NA,"published",NA,"peer-reviewed","Pereira_et_al_2017","Adaptation to a latitudinal thermal gradient within a widespread copepod species: the contributions of genetic divergence and phenotypic plasticity",2017,"Proceedings of the Royal Society B: Biological Sciences",NA,"http://dx.doi.org/10.1098/rspb.2017.0236","Pereira, Ricardo J., Matthew C. Sasaki, and Ronald S. Burton. ""Adaptation to a latitudinal thermal gradient within a widespread copepod species: the contributions of genetic divergence and phenotypic plasticity."" Proceedings of the Royal Society B: Biological Sciences 284, no. 1853 (2017): 20170236.","Arthropoda","Hexanauplia","Harpacticoida","Harpacticidae","Tigriopus","californicus","Tigriopus californicus",0.057494867,"Powlik_1996","aquatic","aquatic invertebrate","viviparous","juvenile","adult","no","mobile",NA,NA,"A","lab",36.949533,-122.046358,0,NA,NA,NA,NA,NA,"unknown",20,"no","LT50","death",20,25,NA,"constant",28,NA,1,6,5,10,NA,NA,32,NA,12,NA,NA,"Treatments were acclimated for different durations",NA,"Data for the ""SCN"" population. Animals were tested upon reaching sexual maturity. Geographical coordinates were taken from Table S1.  20C was both the housing_temp for multiple generations and the acc_temp_low, hence why incubation_indedependent was taken as ""no"". n_replicates_per_treatment were presented in Table S2 and the median number of replicates was taken.",34.696,0.10102,30,35.764,0.089002,30,"se","Data taken from the published data. Summary statistics were already calculated for each population. Sample sizes were taken as the number of test temperatures * the number of replicate test temperatures. SE is reported instead of SD.","no",1,1,NA,NA,NA,NA,NA,NA,NA,NA,"no",NA,NA,0.213600000000001,0.00072505585616,37.1376370658616,"no","tigriopus californicus","Tigriopus_californicus",461524,"Tigriopus_californicus"
"PP",714,133,40,38,152,415,604,"The population for animals collected in San Diego (""SD"" population) was taken as the same as in Healy_et_al_2019 (study_ID 43). 11 populations were used in this study. Animals were considered different families, however, because the studies were separated by over two years and the generation time of copepods is short.","dataset","http://dx.doi.org/10.5061/dryad.bp76g",NA,"published",NA,"peer-reviewed","Pereira_et_al_2017","Adaptation to a latitudinal thermal gradient within a widespread copepod species: the contributions of genetic divergence and phenotypic plasticity",2017,"Proceedings of the Royal Society B: Biological Sciences",NA,"http://dx.doi.org/10.1098/rspb.2017.0236","Pereira, Ricardo J., Matthew C. Sasaki, and Ronald S. Burton. ""Adaptation to a latitudinal thermal gradient within a widespread copepod species: the contributions of genetic divergence and phenotypic plasticity."" Proceedings of the Royal Society B: Biological Sciences 284, no. 1853 (2017): 20170236.","Arthropoda","Hexanauplia","Harpacticoida","Harpacticidae","Tigriopus","californicus","Tigriopus californicus",0.057494867,"Powlik_1996","aquatic","aquatic invertebrate","viviparous","juvenile","adult","no","mobile",NA,NA,"A","lab",32.744828,-117.255264,0,NA,NA,NA,NA,NA,"unknown",20,"no","LT50","death",20,25,NA,"constant",28,NA,1,7,4,10,NA,NA,32,NA,12,NA,NA,"Treatments were acclimated for different durations",NA,"Data for the ""SD"" population. Animals were tested upon reaching sexual maturity. Geographical coordinates were taken from Table S1.  20C was both the housing_temp for multiple generations and the acc_temp_low, hence why incubation_indedependent was taken as ""no"". n_replicates_per_treatment were presented in Table S2 and the median number of replicates was taken.",36.415,0.091213,28,37.437,0.10056,28,"se","Data taken from the published data. Summary statistics were already calculated for each population. Sample sizes were taken as the number of test temperatures * the number of replicate test temperatures. SE is reported instead of SD.","no",1,1,NA,NA,NA,NA,NA,NA,NA,NA,"no",NA,NA,0.2044,0.00073728499876,36.8283533388532,"no","tigriopus californicus","Tigriopus_californicus",461524,"Tigriopus_californicus"
"PP",722,133,40,154,160,423,612,"11 populations were used in this study.","dataset","http://dx.doi.org/10.5061/dryad.bp76g",NA,"published",NA,"peer-reviewed","Pereira_et_al_2017","Adaptation to a latitudinal thermal gradient within a widespread copepod species: the contributions of genetic divergence and phenotypic plasticity",2017,"Proceedings of the Royal Society B: Biological Sciences",NA,"http://dx.doi.org/10.1098/rspb.2017.0236","Pereira, Ricardo J., Matthew C. Sasaki, and Ronald S. Burton. ""Adaptation to a latitudinal thermal gradient within a widespread copepod species: the contributions of genetic divergence and phenotypic plasticity."" Proceedings of the Royal Society B: Biological Sciences 284, no. 1853 (2017): 20170236.","Arthropoda","Hexanauplia","Harpacticoida","Harpacticidae","Tigriopus","californicus","Tigriopus californicus",0.057494867,"Powlik_1996","aquatic","aquatic invertebrate","viviparous","juvenile","adult","no","mobile",NA,NA,"A","lab",50.58,-128.23,0,NA,NA,NA,NA,NA,"unknown",20,"no","LT50","death",20,25,NA,"constant",28,NA,1,5,5,10,NA,NA,32,NA,12,NA,NA,"Treatments were acclimated for different durations",NA,"Data for the ""RC"" population. Animals were tested upon reaching sexual maturity. Geographical coordinates were taken from Table S1.  20C was both the housing_temp for multiple generations and the acc_temp_low, hence why incubation_indedependent was taken as ""no"". n_replicates_per_treatment were presented in Table S2 and the median number of replicates was taken.",33.813,0.097387,25,34.425,0.11256,25,"se","Data taken from the published data. Summary statistics were already calculated for each population. Sample sizes were taken as the number of test temperatures * the number of replicate test temperatures. SE is reported instead of SD.","no",1,1,NA,NA,NA,NA,NA,NA,NA,NA,"no",NA,NA,0.122399999999999,0.00088615925476,33.5926381023752,"no","tigriopus californicus","Tigriopus_californicus",461524,"Tigriopus_californicus"
"PP",713,133,40,145,151,414,603,"11 populations were used in this study.","dataset","http://dx.doi.org/10.5061/dryad.bp76g",NA,"published",NA,"peer-reviewed","Pereira_et_al_2017","Adaptation to a latitudinal thermal gradient within a widespread copepod species: the contributions of genetic divergence and phenotypic plasticity",2017,"Proceedings of the Royal Society B: Biological Sciences",NA,"http://dx.doi.org/10.1098/rspb.2017.0236","Pereira, Ricardo J., Matthew C. Sasaki, and Ronald S. Burton. ""Adaptation to a latitudinal thermal gradient within a widespread copepod species: the contributions of genetic divergence and phenotypic plasticity."" Proceedings of the Royal Society B: Biological Sciences 284, no. 1853 (2017): 20170236.","Arthropoda","Hexanauplia","Harpacticoida","Harpacticidae","Tigriopus","californicus","Tigriopus californicus",0.057494867,"Powlik_1996","aquatic","aquatic invertebrate","viviparous","juvenile","adult","no","mobile",NA,NA,"A","lab",31.723725,-116.721815,0,NA,NA,NA,NA,NA,"unknown",20,"no","LT50","death",20,25,NA,"constant",28,NA,1,7,4,10,NA,NA,32,NA,12,NA,NA,"Treatments were acclimated for different durations",NA,"Data for the ""BUF"" population.Animals were tested upon reaching sexual maturity. Geographical coordinates were taken from Table S1.  20C was both the housing_temp for multiple generations and the acc_temp_low, hence why incubation_indedependent was taken as ""no"". n_replicates_per_treatment were presented in Table S2 and the median number of replicates was taken.",36.663,0.1067,28,37.21,0.072612,28,"se","Data taken from the published data. Summary statistics were already calculated for each population. Sample sizes were taken as the number of test temperatures * the number of replicate test temperatures. SE is reported instead of SD.","no",1,1,NA,NA,NA,NA,NA,NA,NA,NA,"no",NA,NA,0.109400000000001,0.00066629570176,38.7406135179747,"no","tigriopus californicus","Tigriopus_californicus",461524,"Tigriopus_californicus"
"PP",723,134,124,155,161,424,613,"Treatments were re-used in stepwise comparisons. Two populations were used in this study.","Tab2",NA,NA,"published",NA,"peer-reviewed","Procarione_and_King_1993","Upper and Lower Temperature Tolerance Limits for Juvenile Red Drums from Texas and South Carolina",1993,"Journal of Aquatic Animal Health",NA,"https://doi.org/10.1577/1548-8667(1993)005<0208:UALTTL>2.3.CO;2","Procarione, Lynne S., and Tim L. King. ""Upper and lower temperature tolerance limits for juvenile red drums from Texas and South Carolina."" Journal of Aquatic Animal Health 5, no. 3 (1993): 208-212.","Chordata","Actinopterygii","Acanthuriformes","Sciaenidae","Sciaenops","ocellatus","Sciaenops ocellatus",2.5,"ADW","aquatic","fish","oviparous","juvenile","juvenile","no","mobile",NA,NA,"A","lab",NA,NA,NA,NA,NA,NA,NA,184.5,"unknown",20.6,"yes","LT50","death",12.2,20,0.455,"constant",22.5,NA,96,5,3,3,NA,NA,20,NA,NA,NA,"starved","Treatments were acclimated for different durations",NA,"Data for the Texas red drum. 20C was the housing_temp so animals acclimated to 20C were acclimated for longer than the other groups, hence why incubation_indedependent was taken as ""no"". Acc_temp_var was averaged between treatments (see table 1). Acc_duration was taken as the mean of the range presented (19-26 days). age_tested was taken as the age of the fish when they started the first acclimation (30d) + the 4 months before the start of the experiments + the 3 days of pre-acclimatiom + 7 days of adjustment period + 19-26 days of acclimation.",28.8,0.3571429,15,31.2,0.5612245,15,"se","Data taken from table. Sample sizes were taken as the number of test temperatures * the number of replicate test temperatures. Confidence intervals were converted to SD by dividing the confidence intervals by 1.96. SE is reported instead of SD.","no",2,1,NA,NA,NA,NA,NA,NA,NA,NA,"no",NA,NA,0.307692307692307,0.00727356986227252,11.7253601921991,"no","sciaenops ocellatus","Sciaenops_ocellatus",433079,"Sciaenops_ocellatus"
"PP",726,134,124,156,162,425,616,"Treatments were re-used in stepwise comparisons. Two populations were used in this study.","Tab2",NA,NA,"published",NA,"peer-reviewed","Procarione_and_King_1993","Upper and Lower Temperature Tolerance Limits for Juvenile Red Drums from Texas and South Carolina",1993,"Journal of Aquatic Animal Health",NA,"https://doi.org/10.1577/1548-8667(1993)005<0208:UALTTL>2.3.CO;2","Procarione, Lynne S., and Tim L. King. ""Upper and lower temperature tolerance limits for juvenile red drums from Texas and South Carolina."" Journal of Aquatic Animal Health 5, no. 3 (1993): 208-212.","Chordata","Actinopterygii","Acanthuriformes","Sciaenidae","Sciaenops","ocellatus","Sciaenops ocellatus",2.5,"ADW","aquatic","fish","oviparous","juvenile","juvenile","no","mobile",NA,NA,"A","lab",NA,NA,NA,NA,NA,NA,NA,184.5,"unknown",20.6,"yes","LT50","death",20,28.1,0.405,"constant",22.5,NA,96,5,3,3,NA,NA,20,NA,NA,NA,"starved","Treatments were acclimated for different durations",NA,"Data for the South Carolina red drum. 20C was the housing_temp so animals acclimated to 20C were acclimated for longer than the other groups, hence why incubation_indedependent was taken as ""no"". Acc_temp_var was averaged between treatments (see table 1). Acc_duration was taken as the mean of the range presented (19-26 days). age_tested was taken as the age of the fish when they started the first acclimation (30d) + the 4 months before the start of the experiments + the 3 days of pre-acclimatiom + 7 days of adjustment period + 19-26 days of acclimation.",31.5,0.5612245,15,34.6,0.8163265,15,"se","Data taken from table. Sample sizes were taken as the number of test temperatures * the number of replicate test temperatures. Confidence intervals were converted to SD by dividing the confidence intervals by 1.96. SE is reported instead of SD.","no",2,1,NA,NA,NA,NA,NA,NA,NA,NA,"no",NA,NA,0.382716049382716,0.0149575048621018,8.17655615336296,"no","sciaenops ocellatus","Sciaenops_ocellatus",433079,"Sciaenops_ocellatus"
"PP",725,134,124,156,162,425,615,"Treatments were re-used in stepwise comparisons. Two populations were used in this study.","Tab2",NA,NA,"published",NA,"peer-reviewed","Procarione_and_King_1993","Upper and Lower Temperature Tolerance Limits for Juvenile Red Drums from Texas and South Carolina",1993,"Journal of Aquatic Animal Health",NA,"https://doi.org/10.1577/1548-8667(1993)005<0208:UALTTL>2.3.CO;2","Procarione, Lynne S., and Tim L. King. ""Upper and lower temperature tolerance limits for juvenile red drums from Texas and South Carolina."" Journal of Aquatic Animal Health 5, no. 3 (1993): 208-212.","Chordata","Actinopterygii","Acanthuriformes","Sciaenidae","Sciaenops","ocellatus","Sciaenops ocellatus",2.5,"ADW","aquatic","fish","oviparous","juvenile","juvenile","no","mobile",NA,NA,"A","lab",NA,NA,NA,NA,NA,NA,NA,184.5,"unknown",20.6,"yes","LT50","death",12.2,20,0.455,"constant",22.5,NA,96,5,3,3,NA,NA,20,NA,NA,NA,"starved","Treatments were acclimated for different durations",NA,"Data for the South Carolina red drum. 20C was the housing_temp so animals acclimated to 20C were acclimated for longer than the other groups, hence why incubation_indedependent was taken as ""no"". Acc_temp_var was averaged between treatments (see table 1). Acc_duration was taken as the mean of the range presented (19-26 days). age_tested was taken as the age of the fish when they started the first acclimation (30d) + the 4 months before the start of the experiments + the 3 days of pre-acclimatiom + 7 days of adjustment period + 19-26 days of acclimation.",28.8,0.3571429,15,31.5,0.5612245,15,"se","Data taken from table. Sample sizes were taken as the number of test temperatures * the number of replicate test temperatures. Confidence intervals were converted to SD by dividing the confidence intervals by 1.96. SE is reported instead of SD.","no",2,1,NA,NA,NA,NA,NA,NA,NA,NA,"no",NA,NA,0.346153846153846,0.00727356986227252,11.7253601921991,"no","sciaenops ocellatus","Sciaenops_ocellatus",433079,"Sciaenops_ocellatus"
"PP",724,134,124,155,161,424,614,"Treatments were re-used in stepwise comparisons. Two populations were used in this study.","Tab2",NA,NA,"published",NA,"peer-reviewed","Procarione_and_King_1993","Upper and Lower Temperature Tolerance Limits for Juvenile Red Drums from Texas and South Carolina",1993,"Journal of Aquatic Animal Health",NA,"https://doi.org/10.1577/1548-8667(1993)005<0208:UALTTL>2.3.CO;2","Procarione, Lynne S., and Tim L. King. ""Upper and lower temperature tolerance limits for juvenile red drums from Texas and South Carolina."" Journal of Aquatic Animal Health 5, no. 3 (1993): 208-212.","Chordata","Actinopterygii","Acanthuriformes","Sciaenidae","Sciaenops","ocellatus","Sciaenops ocellatus",2.5,"ADW","aquatic","fish","oviparous","juvenile","juvenile","no","mobile",NA,NA,"A","lab",NA,NA,NA,NA,NA,NA,NA,184.5,"unknown",20.6,"yes","LT50","death",20,28.1,0.405,"constant",22.5,NA,96,5,3,3,NA,NA,20,NA,NA,NA,"starved","Treatments were acclimated for different durations",NA,"Data for the Texas red drum. 20C was the housing_temp so animals acclimated to 20C were acclimated for longer than the other groups, hence why incubation_indedependent was taken as ""no"". Acc_temp_var was averaged between treatments (see table 1). Acc_duration was taken as the mean of the range presented (19-26 days). age_tested was taken as the age of the fish when they started the first acclimation (30d) + the 4 months before the start of the experiments + the 3 days of pre-acclimatiom + 7 days of adjustment period + 19-26 days of acclimation.",31.2,0.5612245,15,35.7,0.6632653,15,"se","Data taken from table. Sample sizes were taken as the number of test temperatures * the number of replicate test temperatures. Confidence intervals were converted to SD by dividing the confidence intervals by 1.96. SE is reported instead of SD.","no",2,1,NA,NA,NA,NA,NA,NA,NA,NA,"no",NA,NA,0.555555555555556,0.0115057734733172,9.32270818444118,"no","sciaenops ocellatus","Sciaenops_ocellatus",433079,"Sciaenops_ocellatus"
"PP",727,135,125,157,163,426,617,"""Winter"" and ""Summer"" eggs were considered separate populations and families.","Fig5A",NA,"064_Rosa_2014_Fig5A","published",NA,"peer-reviewed","Rosa_et_al_2014","Differential impacts of ocean acidification and warming on winter and summer progeny of a coastal squid (Loligo vulgaris)",2014,"Journal of Experimental Biology",NA,"10.1242/jeb.096081","Rosa, Rui, Katja Trübenbach, Marta S. Pimentel, Joana Boavida-Portugal, Filipa Faleiro, Miguel Baptista, Gisela Dionísio, Ricardo Calado, Hans O. Pörtner, and Tiago Repolho. ""Differential impacts of ocean acidification and warming on winter and summer progeny of a coastal squid (Loligo vulgaris)."" Journal of Experimental Biology 217, no. 4 (2014): 518-525.","Mollusca","Cephalopoda","Myopsida","Loliginidae","Loligo","vulgaris","Loligo vulgaris",0.787132101,"Moreno_et_al_2005","aquatic","aquatic invertebrate","oviparous","embryo","embryo","no","immobile",NA,NA,"B","lab",NA,NA,NA,"winter",2012,NA,NA,NA,"unknown",NA,NA,"LT50","death",13.2,15.1,0.3,"constant",NA,0.033333333,0.5,20,3,20,NA,NA,35.2,8.03,14,NA,NA,"Eggs were collected from the wild.","hybrid between LT50 and CTmax","Data for late embryos from eggs collected in Winter. The LT50 was measured while the temperature was increased gradually; and the percentage of living animals at each temperature was determined. This is an hybrid between CTmax and LT50, hence why a ramping rate was assigned but not n_test_temp. Set_time was taken as 30 min because temperatures was increased every 30 min and the survival of the animals was assessed before each ramp. salinity, pH, acc_temp_var and acclimation temperatures were averaged between treatments (see table S3 for original values). n_test_temp was taken as 20 because temperature was increased at a rate of 1C/30min from the temperature of acclimation until all animals died and 20 * 3 animals were used for each treatment. Assuming a maximum temperature reached of 39C (which seems consistent with LT100 values displayed in Fig. 5), we can asssume n_test_temp to be approximatively 20.",34.06765,0.038055,60,34.82875,0.2283298,60,"se","Data digitised from figure. Sample sizes were taken as the number of test temperatures * the number of replicate test temperatures. Note that n_test_temp was estimated and is not exact. Although authors report ""standard deviations"", these values seem closer to standard errors (and estimations from linear regressions usually return standard errors) so we considered the sd_low and sd_high as SE instead of SD.","no",1,1,NA,NA,NA,NA,NA,NA,NA,NA,"no",NA,NA,0.40057894736842,0.0148428478097064,8.20807626036144,"yes","loligo vulgaris","Loligo_vulgaris",1054848,"Loligo_vulgaris"
"PP",730,135,125,157,163,429,620,"""Winter"" and ""Summer"" eggs were considered separate populations and families.","Fig5A",NA,"064_Rosa_2014_Fig5A","published",NA,"peer-reviewed","Rosa_et_al_2014","Differential impacts of ocean acidification and warming on winter and summer progeny of a coastal squid (Loligo vulgaris)",2014,"Journal of Experimental Biology",NA,"10.1242/jeb.096081","Rosa, Rui, Katja Trübenbach, Marta S. Pimentel, Joana Boavida-Portugal, Filipa Faleiro, Miguel Baptista, Gisela Dionísio, Ricardo Calado, Hans O. Pörtner, and Tiago Repolho. ""Differential impacts of ocean acidification and warming on winter and summer progeny of a coastal squid (Loligo vulgaris)."" Journal of Experimental Biology 217, no. 4 (2014): 518-525.","Mollusca","Cephalopoda","Myopsida","Loliginidae","Loligo","vulgaris","Loligo vulgaris",0.787132101,"Moreno_et_al_2005","aquatic","aquatic invertebrate","oviparous","embryo_and_juvenile","juvenile","no","mobile",NA,NA,"C","lab",NA,NA,NA,"winter",2012,NA,NA,NA,"unknown",NA,NA,"LT50","death",13.2,15.3,0.25,"constant",NA,0.033333333,0.5,20,3,20,NA,NA,34.95,7.52,14,NA,NA,"Eggs were collected from the wild.","hybrid between LT50 and CTmax","Data for parlarvae from eggs collected in Winter. The LT50 was measured while the temperature was increased gradually; and the percentage of living animals at each temperature was determined. This is an hybrid between CTmax and LT50, hence why a ramping rate was assigned but not n_test_temp. Set_time was taken as 30 min because temperatures was increased every 30 min and the survival of the animals was assessed before each ramp. salinity, pH, acc_temp_var and acclimation temperatures were averaged between treatments (see table S3 for original values). n_test_temp was taken as 20 because temperature was increased at a rate of 1C/30min from the temperature of acclimation until all animals died and 20 * 3 animals were used for each treatment. Assuming a maximum temperature reached of 39C (which seems consistent with LT100 values displayed in Fig. 5), we can asssume n_test_temp to be approximatively 20.",33.96617,0.6215645,60,33.83932,0.3171247,60,"se","Data digitised from figure. Sample sizes were taken as the number of test temperatures * the number of replicate test temperatures. Note that n_test_temp was estimated and is not exact. Although authors report ""standard deviations"", these values seem closer to standard errors (and estimations from linear regressions usually return standard errors) so we considered the sd_low and sd_high as SE instead of SD.","no",1,1,NA,NA,NA,NA,NA,NA,NA,NA,"no",NA,NA,-0.0604047619047607,0.110410544900304,3.00950260365165,"yes","loligo vulgaris","Loligo_vulgaris",1054848,"Loligo_vulgaris"
"PP",731,135,125,158,164,430,621,"""Winter"" and ""Summer"" eggs were considered separate populations and families.","Fig5A",NA,"064_Rosa_2014_Fig5A","published",NA,"peer-reviewed","Rosa_et_al_2014","Differential impacts of ocean acidification and warming on winter and summer progeny of a coastal squid (Loligo vulgaris)",2014,"Journal of Experimental Biology",NA,"10.1242/jeb.096081","Rosa, Rui, Katja Trübenbach, Marta S. Pimentel, Joana Boavida-Portugal, Filipa Faleiro, Miguel Baptista, Gisela Dionísio, Ricardo Calado, Hans O. Pörtner, and Tiago Repolho. ""Differential impacts of ocean acidification and warming on winter and summer progeny of a coastal squid (Loligo vulgaris)."" Journal of Experimental Biology 217, no. 4 (2014): 518-525.","Mollusca","Cephalopoda","Myopsida","Loliginidae","Loligo","vulgaris","Loligo vulgaris",0.787132101,"Moreno_et_al_2005","aquatic","aquatic invertebrate","oviparous","embryo","embryo","no","immobile",NA,NA,"B","lab",NA,NA,NA,"summer",2012,NA,NA,NA,"unknown",NA,NA,"LT50","death",17.1,19,0.3,"constant",NA,0.033333333,0.5,20,3,20,NA,NA,35,8.04,14,NA,NA,"Eggs were collected from the wild.","hybrid between LT50 and CTmax","Data for late embryos from eggs collected in Summer. The LT50 was measured while the temperature was increased gradually; and the percentage of living animals at each temperature was determined. This is an hybrid between CTmax and LT50, hence why a ramping rate was assigned but not n_test_temp. Set_time was taken as 30 min because temperatures was increased every 30 min and the survival of the animals was assessed before each ramp. salinity, pH, acc_temp_var could not be exactly averaged because the table was trimmed and values for animals acclimated to 19C were not available (see table S3). n_test_temp was taken as 20 because temperature was increased at a rate of 1C/30min from the temperature of acclimation until all animals died and 20 * 3 animals were used for each treatment. Assuming a maximum temperature reached of 39C (which seems consistent with LT100 values displayed in Fig. 5), we can asssume n_test_temp to be approximatively 20.",35.50106,0.1268499,60,35.50106,0.1649049,60,"se","Data digitised from figure. Sample sizes were taken as the number of test temperatures * the number of replicate test temperatures. Note that n_test_temp was estimated and is not exact. Although authors report ""standard deviations"", these values seem closer to standard errors (and estimations from linear regressions usually return standard errors) so we considered the sd_low and sd_high as SE instead of SD.","no",1,1,NA,NA,NA,NA,NA,NA,NA,NA,"no",NA,NA,0,0.0119901726243823,9.13244955818543,"yes","loligo vulgaris","Loligo_vulgaris",1054848,"Loligo_vulgaris"
"PP",729,135,125,157,163,428,619,"""Winter"" and ""Summer"" eggs were considered separate populations and families.","Fig5A",NA,"064_Rosa_2014_Fig5A","published",NA,"peer-reviewed","Rosa_et_al_2014","Differential impacts of ocean acidification and warming on winter and summer progeny of a coastal squid (Loligo vulgaris)",2014,"Journal of Experimental Biology",NA,"10.1242/jeb.096081","Rosa, Rui, Katja Trübenbach, Marta S. Pimentel, Joana Boavida-Portugal, Filipa Faleiro, Miguel Baptista, Gisela Dionísio, Ricardo Calado, Hans O. Pörtner, and Tiago Repolho. ""Differential impacts of ocean acidification and warming on winter and summer progeny of a coastal squid (Loligo vulgaris)."" Journal of Experimental Biology 217, no. 4 (2014): 518-525.","Mollusca","Cephalopoda","Myopsida","Loliginidae","Loligo","vulgaris","Loligo vulgaris",0.787132101,"Moreno_et_al_2005","aquatic","aquatic invertebrate","oviparous","embryo_and_juvenile","juvenile","no","mobile",NA,NA,"C","lab",NA,NA,NA,"winter",2012,NA,NA,NA,"unknown",NA,NA,"LT50","death",13.2,15.1,0.3,"constant",NA,0.033333333,0.5,20,3,20,NA,NA,35.2,8.03,14,NA,NA,"Eggs were collected from the wild.","hybrid between LT50 and CTmax","Data for parlarvae from eggs collected in Winter. The LT50 was measured while the temperature was increased gradually; and the percentage of living animals at each temperature was determined. This is an hybrid between CTmax and LT50, hence why a ramping rate was assigned but not n_test_temp. Set_time was taken as 30 min because temperatures was increased every 30 min and the survival of the animals was assessed before each ramp. salinity, pH, acc_temp_var and acclimation temperatures were averaged between treatments (see table S3 for original values). n_test_temp was taken as 20 because temperature was increased at a rate of 1C/30min from the temperature of acclimation until all animals died and 20 * 3 animals were used for each treatment. Assuming a maximum temperature reached of 39C (which seems consistent with LT100 values displayed in Fig. 5), we can asssume n_test_temp to be approximatively 20.",31.34038,0.5454545,60,31.40381,0.0761099,60,"se","Data digitised from figure. Sample sizes were taken as the number of test temperatures * the number of replicate test temperatures. Note that n_test_temp was estimated and is not exact. Although authors report ""standard deviations"", these values seem closer to standard errors (and estimations from linear regressions usually return standard errors) so we considered the sd_low and sd_high as SE instead of SD.","no",1,1,NA,NA,NA,NA,NA,NA,NA,NA,"no",NA,NA,0.033384210526316,0.0840203125895456,3.44991069918741,"yes","loligo vulgaris","Loligo_vulgaris",1054848,"Loligo_vulgaris"
"PP",728,135,125,157,163,427,618,"""Winter"" and ""Summer"" eggs were considered separate populations and families.","Fig5A",NA,"064_Rosa_2014_Fig5A","published",NA,"peer-reviewed","Rosa_et_al_2014","Differential impacts of ocean acidification and warming on winter and summer progeny of a coastal squid (Loligo vulgaris)",2014,"Journal of Experimental Biology",NA,"10.1242/jeb.096081","Rosa, Rui, Katja Trübenbach, Marta S. Pimentel, Joana Boavida-Portugal, Filipa Faleiro, Miguel Baptista, Gisela Dionísio, Ricardo Calado, Hans O. Pörtner, and Tiago Repolho. ""Differential impacts of ocean acidification and warming on winter and summer progeny of a coastal squid (Loligo vulgaris)."" Journal of Experimental Biology 217, no. 4 (2014): 518-525.","Mollusca","Cephalopoda","Myopsida","Loliginidae","Loligo","vulgaris","Loligo vulgaris",0.787132101,"Moreno_et_al_2005","aquatic","aquatic invertebrate","oviparous","embryo","embryo","no","immobile",NA,NA,"B","lab",NA,NA,NA,"winter",2012,NA,NA,NA,"unknown",NA,NA,"LT50","death",13.2,15.3,0.25,"constant",NA,0.033333333,0.5,20,3,20,NA,NA,34.95,7.52,14,NA,NA,"Eggs were collected from the wild.","hybrid between LT50 and CTmax","Data for late embryos from eggs collected in Winter. The LT50 was measured while the temperature was increased gradually; and the percentage of living animals at each temperature was determined. This is an hybrid between CTmax and LT50, hence why a ramping rate was assigned but not n_test_temp. Set_time was taken as 30 min because temperatures was increased every 30 min and the survival of the animals was assessed before each ramp. salinity, pH, acc_temp_var and acclimation temperatures were averaged between treatments (see table S3 for original values). n_test_temp was taken as 20 because temperature was increased at a rate of 1C/30min from the temperature of acclimation until all animals died and 20 * 3 animals were used for each treatment. Assuming a maximum temperature reached of 39C (which seems consistent with LT100 values displayed in Fig. 5), we can asssume n_test_temp to be approximatively 20.",32.98943,0.1902748,60,33.56025,0.05074,60,"se","Data digitised from figure. Sample sizes were taken as the number of test temperatures * the number of replicate test temperatures. Note that n_test_temp was estimated and is not exact. Although authors report ""standard deviations"", these values seem closer to standard errors (and estimations from linear regressions usually return standard errors) so we considered the sd_low and sd_high as SE instead of SD.","no",1,1,NA,NA,NA,NA,NA,NA,NA,NA,"no",NA,NA,0.27181904761905,0.00879343471996371,10.6640145282805,"yes","loligo vulgaris","Loligo_vulgaris",1054848,"Loligo_vulgaris"
"PP",734,135,125,158,164,433,624,"""Winter"" and ""Summer"" eggs were considered separate populations and families.","Fig5A",NA,"064_Rosa_2014_Fig5A","published",NA,"peer-reviewed","Rosa_et_al_2014","Differential impacts of ocean acidification and warming on winter and summer progeny of a coastal squid (Loligo vulgaris)",2014,"Journal of Experimental Biology",NA,"10.1242/jeb.096081","Rosa, Rui, Katja Trübenbach, Marta S. Pimentel, Joana Boavida-Portugal, Filipa Faleiro, Miguel Baptista, Gisela Dionísio, Ricardo Calado, Hans O. Pörtner, and Tiago Repolho. ""Differential impacts of ocean acidification and warming on winter and summer progeny of a coastal squid (Loligo vulgaris)."" Journal of Experimental Biology 217, no. 4 (2014): 518-525.","Mollusca","Cephalopoda","Myopsida","Loliginidae","Loligo","vulgaris","Loligo vulgaris",0.787132101,"Moreno_et_al_2005","aquatic","aquatic invertebrate","oviparous","embryo_and_juvenile","juvenile","no","mobile",NA,NA,"C","lab",NA,NA,NA,"summer",2012,NA,NA,NA,"unknown",NA,NA,"LT50","death",16.9,19,0.3,"constant",NA,0.033333333,0.5,20,3,20,NA,NA,35.3,7.53,14,NA,NA,"Eggs were collected from the wild.","hybrid between LT50 and CTmax","Data for parlarvae from eggs collected in Summer. The LT50 was measured while the temperature was increased gradually; and the percentage of living animals at each temperature was determined. This is an hybrid between CTmax and LT50, hence why a ramping rate was assigned but not n_test_temp. Set_time was taken as 30 min because temperatures was increased every 30 min and the survival of the animals was assessed before each ramp. salinity, pH, acc_temp_var could not be exactly averaged because the table was trimmed and values for animals acclimated to 19C were not available (see table S3). n_test_temp was taken as 20 because temperature was increased at a rate of 1C/30min from the temperature of acclimation until all animals died and 20 * 3 animals were used for each treatment. Assuming a maximum temperature reached of 39C (which seems consistent with LT100 values displayed in Fig. 5), we can asssume n_test_temp to be approximatively 20.",34.93023,0.038055,60,35.463,0.0887949,60,"se","Data digitised from figure. Sample sizes were taken as the number of test temperatures * the number of replicate test temperatures. Note that n_test_temp was estimated and is not exact. Although authors report ""standard deviations"", these values seem closer to standard errors (and estimations from linear regressions usually return standard errors) so we considered the sd_low and sd_high as SE instead of SD.","no",1,1,NA,NA,NA,NA,NA,NA,NA,NA,"no",NA,NA,0.253699999999999,0.0021162624242653,21.7377825272324,"yes","loligo vulgaris","Loligo_vulgaris",1054848,"Loligo_vulgaris"
"PP",733,135,125,158,164,432,623,"""Winter"" and ""Summer"" eggs were considered separate populations and families.","Fig5A",NA,"064_Rosa_2014_Fig5A","published",NA,"peer-reviewed","Rosa_et_al_2014","Differential impacts of ocean acidification and warming on winter and summer progeny of a coastal squid (Loligo vulgaris)",2014,"Journal of Experimental Biology",NA,"10.1242/jeb.096081","Rosa, Rui, Katja Trübenbach, Marta S. Pimentel, Joana Boavida-Portugal, Filipa Faleiro, Miguel Baptista, Gisela Dionísio, Ricardo Calado, Hans O. Pörtner, and Tiago Repolho. ""Differential impacts of ocean acidification and warming on winter and summer progeny of a coastal squid (Loligo vulgaris)."" Journal of Experimental Biology 217, no. 4 (2014): 518-525.","Mollusca","Cephalopoda","Myopsida","Loliginidae","Loligo","vulgaris","Loligo vulgaris",0.787132101,"Moreno_et_al_2005","aquatic","aquatic invertebrate","oviparous","embryo_and_juvenile","juvenile","no","mobile",NA,NA,"C","lab",NA,NA,NA,"summer",2012,NA,NA,NA,"unknown",NA,NA,"LT50","death",17.1,19,0.3,"constant",NA,0.033333333,0.5,20,3,20,NA,NA,35,8.04,14,NA,NA,"Eggs were collected from the wild.","hybrid between LT50 and CTmax","Data for parlarvae from eggs collected in Summer. The LT50 was measured while the temperature was increased gradually; and the percentage of living animals at each temperature was determined. This is an hybrid between CTmax and LT50, hence why a ramping rate was assigned but not n_test_temp. Set_time was taken as 30 min because temperatures was increased every 30 min and the survival of the animals was assessed before each ramp. salinity, pH, acc_temp_var could not be exactly averaged because the table was trimmed and values for animals acclimated to 19C were not available (see table S3). n_test_temp was taken as 20 because temperature was increased at a rate of 1C/30min from the temperature of acclimation until all animals died and 20 * 3 animals were used for each treatment. Assuming a maximum temperature reached of 39C (which seems consistent with LT100 values displayed in Fig. 5), we can asssume n_test_temp to be approximatively 20.",32.08879,0.1268499,60,33.66173,0.1268499,60,"se","Data digitised from figure. Sample sizes were taken as the number of test temperatures * the number of replicate test temperatures. Note that n_test_temp was estimated and is not exact. Although authors report ""standard deviations"", these values seem closer to standard errors (and estimations from linear regressions usually return standard errors) so we considered the sd_low and sd_high as SE instead of SD.","no",1,1,NA,NA,NA,NA,NA,NA,NA,NA,"no",NA,NA,0.827863157894735,0.00891462444875902,10.5912805942649,"yes","loligo vulgaris","Loligo_vulgaris",1054848,"Loligo_vulgaris"
"PP",810,147,135,177,190,474,700,"Treatments were re-used in stepwise comparisons","Fig1",NA,"071_Medina-Romo_2018_Fig1","published",NA,"peer-reviewed","Medina-Romo_et_al_2018","Thermal tolerance and aerobic scope of tetra-hybrid tilapia Pargo-UNAM",2018,"Latin american journal of aquatic research",NA,"10.3856/vol46-issue5-fulltext-7","Medina-Romo, Evnika Zarina, Fernando Díaz, Ana Denise Re-Araujo, Leonardo Ibarra-Castro, Mario Garduño-Lugo, Erendira Rocío Latorre-Pozos, Ernesto Larios-Soriano, and Carlos Rosas. ""Thermal tolerance and aerobic scope of tetra-hybrid tilapia Pargo-UNAM."" Latin american journal of aquatic research 46, no. 5 (2018): 935-944.","Chordata","Actinopterygii","Cichliformes","Cichlidae","Oreochromis","niloticus","Oreochromis niloticus",0.65,"Duponchelle_and_Panfili_1998","aquatic","fish","oviparous","juvenile","juvenile","no","mobile",NA,NA,"A","lab",NA,NA,NA,NA,NA,NA,NA,NA,"unknown",28,"yes","CTmax","LRR",23,26,1,"fluctuating",30,1,NA,NA,NA,NA,NA,6.6,NA,7.8,NA,NA,NA,"Hybrid species","SD missing","The animals were tetra-hybrid tilapia Pargo-UNAM. O. niloticus was assigned as the species name for phylogenetic modelling, but note that this is not exact.",40.95577,NA,10,41.27172,NA,10,"sd","Data digitised from figure. Note that the standard error was not presented and hence, was reported as ""NA"".","no",4,1,41.14534,42.21959,NA,NA,34.7305550080109,35.5255067975217,0.780377538847258,0.739974322059287,"yes",0.87940793261394,0.87940793261394,0.105316666666667,0.0171857402654294,7.62809122333022,"yes","oreochromis niloticus","Oreochromis_niloticus",288063,"Oreochromis_niloticus"
"PP",812,147,135,177,190,474,702,"Treatments were re-used in stepwise comparisons","Fig1",NA,"071_Medina-Romo_2018_Fig1","published",NA,"peer-reviewed","Medina-Romo_et_al_2018","Thermal tolerance and aerobic scope of tetra-hybrid tilapia Pargo-UNAM",2018,"Latin american journal of aquatic research",NA,"10.3856/vol46-issue5-fulltext-7","Medina-Romo, Evnika Zarina, Fernando Díaz, Ana Denise Re-Araujo, Leonardo Ibarra-Castro, Mario Garduño-Lugo, Erendira Rocío Latorre-Pozos, Ernesto Larios-Soriano, and Carlos Rosas. ""Thermal tolerance and aerobic scope of tetra-hybrid tilapia Pargo-UNAM."" Latin american journal of aquatic research 46, no. 5 (2018): 935-944.","Chordata","Actinopterygii","Cichliformes","Cichlidae","Oreochromis","niloticus","Oreochromis niloticus",0.65,"Duponchelle_and_Panfili_1998","aquatic","fish","oviparous","juvenile","juvenile","no","mobile",NA,NA,"A","lab",NA,NA,NA,NA,NA,NA,NA,NA,"unknown",28,"yes","CTmax","LRR",29,32,1,"fluctuating",30,1,NA,NA,NA,NA,NA,6.6,NA,7.8,NA,NA,NA,"Hybrid species","SD missing","The animals were tetra-hybrid tilapia Pargo-UNAM. O. niloticus was assigned as the species name for phylogenetic modelling, but note that this is not exact.",43.16746,NA,10,43.48341,NA,10,"sd","Data digitised from figure. Note that the standard error was not presented and hence, was reported as ""NA"".","no",4,1,41.14534,42.21959,NA,NA,34.7305550080109,35.5255067975217,0.780377538847258,0.739974322059287,"yes",0.87940793261394,0.87940793261394,0.105316666666667,0.0171857402654294,7.62809122333022,"yes","oreochromis niloticus","Oreochromis_niloticus",288063,"Oreochromis_niloticus"
"PP",811,147,135,177,190,474,701,"Treatments were re-used in stepwise comparisons","Fig1",NA,"071_Medina-Romo_2018_Fig1","published",NA,"peer-reviewed","Medina-Romo_et_al_2018","Thermal tolerance and aerobic scope of tetra-hybrid tilapia Pargo-UNAM",2018,"Latin american journal of aquatic research",NA,"10.3856/vol46-issue5-fulltext-7","Medina-Romo, Evnika Zarina, Fernando Díaz, Ana Denise Re-Araujo, Leonardo Ibarra-Castro, Mario Garduño-Lugo, Erendira Rocío Latorre-Pozos, Ernesto Larios-Soriano, and Carlos Rosas. ""Thermal tolerance and aerobic scope of tetra-hybrid tilapia Pargo-UNAM."" Latin american journal of aquatic research 46, no. 5 (2018): 935-944.","Chordata","Actinopterygii","Cichliformes","Cichlidae","Oreochromis","niloticus","Oreochromis niloticus",0.65,"Duponchelle_and_Panfili_1998","aquatic","fish","oviparous","juvenile","juvenile","no","mobile",NA,NA,"A","lab",NA,NA,NA,NA,NA,NA,NA,NA,"unknown",28,"yes","CTmax","LRR",26,29,1,"fluctuating",30,1,NA,NA,NA,NA,NA,6.6,NA,7.8,NA,NA,NA,"Hybrid species","SD missing","The animals were tetra-hybrid tilapia Pargo-UNAM. O. niloticus was assigned as the species name for phylogenetic modelling, but note that this is not exact.",41.27172,NA,10,43.16746,NA,10,"sd","Data digitised from figure. Note that the standard error was not presented and hence, was reported as ""NA"".","no",4,1,41.14534,42.21959,NA,NA,34.7305550080109,35.5255067975217,0.780377538847258,0.739974322059287,"yes",0.87940793261394,0.87940793261394,0.631913333333332,0.0171857402654294,7.62809122333022,"yes","oreochromis niloticus","Oreochromis_niloticus",288063,"Oreochromis_niloticus"
"PP",809,147,135,177,190,474,699,"Treatments were re-used in stepwise comparisons","Fig1",NA,"071_Medina-Romo_2018_Fig1","published",NA,"peer-reviewed","Medina-Romo_et_al_2018","Thermal tolerance and aerobic scope of tetra-hybrid tilapia Pargo-UNAM",2018,"Latin american journal of aquatic research",NA,"10.3856/vol46-issue5-fulltext-7","Medina-Romo, Evnika Zarina, Fernando Díaz, Ana Denise Re-Araujo, Leonardo Ibarra-Castro, Mario Garduño-Lugo, Erendira Rocío Latorre-Pozos, Ernesto Larios-Soriano, and Carlos Rosas. ""Thermal tolerance and aerobic scope of tetra-hybrid tilapia Pargo-UNAM."" Latin american journal of aquatic research 46, no. 5 (2018): 935-944.","Chordata","Actinopterygii","Cichliformes","Cichlidae","Oreochromis","niloticus","Oreochromis niloticus",0.65,"Duponchelle_and_Panfili_1998","aquatic","fish","oviparous","juvenile","juvenile","no","mobile",NA,NA,"A","lab",NA,NA,NA,NA,NA,NA,NA,NA,"unknown",28,"yes","CTmax","LRR",20,23,1,"fluctuating",30,1,NA,NA,NA,NA,NA,6.6,NA,7.8,NA,NA,NA,"Hybrid species","SD missing","The animals were tetra-hybrid tilapia Pargo-UNAM. O. niloticus was assigned as the species name for phylogenetic modelling, but note that this is not exact.",39.18641,NA,10,40.95577,NA,10,"sd","Data digitised from figure. Note that the standard error was not presented and hence, was reported as ""NA"".","no",4,1,41.14534,42.21959,NA,NA,34.7305550080109,35.5255067975217,0.780377538847258,0.739974322059287,"yes",0.87940793261394,0.87940793261394,0.589786666666666,0.0171857402654294,7.62809122333022,"yes","oreochromis niloticus","Oreochromis_niloticus",288063,"Oreochromis_niloticus"
